,公司名,公司领域,招聘岗位,薪资,公司位置,学历,工作年限,发布时间,岗位职责,岗位要求,公司人数
0,北京康原信息咨询有限公司,专业服务(咨询/财会/法律/翻译等),数据分析师,['20-30k·12薪'],['北京-朝阳区'],['本科及以上'],['3年以上'],2020年04月06日,1.深入了解互联网业务，建立基于业务场景的数据分析需求，解决各类数据分析问题；2.基于客户各业务部门的分析监控需求，搭建指标体系；3.熟悉用户增长的框架和分析方法，针对拉新、留存、转化优化等进行深入的专题分析；4.充分利用各种GrowingIO产品/服务，与客户合作制定出的数据分析策略；5.根据客户分析咨询项目，结合用户调研、第三方研究等，提炼面向行业场景的共性分析需求，提炼规模化、产品化解决方案；6.基于数据分析，与客户销售、服务、产品管理、工程团队以及其他主要相关方开展跨职能协作，助力相关产品/服务取得成功；7.与团队内其他成员共同设计数据分析平台，建立数据分析的流程，规范和方法。,1.本科以上学历，经济学、统计学、计算机等和数据处理高度相关专业，3年及以上互联网公司数据分析工作经验；2.具备杰出的定量分析能力，在推动业务/产品运营优化方面拥有丰富的经验；3.具有优秀的商业敏感度和突出的分析能力，能够灵活利用数据，设计分析方案解决复杂的商业问题；4.擅长与内部及外部合作团队交流沟通，具有优秀的报告讲解及沟通能力，能够独立的分析和解决问题；5.有数据建模实践经验（2年以上相关工作经验）者优先，熟悉Hive，熟练使用SQL等数据库查询语言；6.熟练使用至少一门编程语言者优先；7.具有较强结构化思维、逻辑思维能力，对数据敏感，具备优秀的信息整合和分析能力，能够形成清晰的业务观点和前瞻判断；8.熟悉GrowingIO或其他数据分析产品者优先；9.有数据产品经理相关经验者优先。,"['10', '153', '1', '101']"
1,美团点评,互联网/移动互联网/电子商务,产品运营-数据分析方向,['面议'],['北京-朝阳区'],['本科及以上'],['5年以上'],2020年04月06日,,1.负责门票度假业务用户研究，对不同生命周期用户做深入分析，指导用户运营策略。2.基于业务理解和用户研究，挖掘用户画像标签，构建用户指标体系。3.挖掘各类因素对策略结果的影响规律，持续对运营效果跟进和复盘。岗位要求,['10000']
2,中化石油中心,石油/石化/化工,数据分析师,['30-40k·12薪'],['北京'],['本科及以上'],['5年以上'],2020年04月06日,1. 负责数据仓库及应用项目建设（报表、分析指标）需求调研、业务沟通、需求分析，.编制需求说明书和数据调研报告；2. 负责数据仓库及应用项目的系统与业务系统的接口设计；3. 负责数仓业务应用设计，包括业务逻辑设计，应用展示原型设计，数据源分析；4. 监控业务数据及核心指标，及时发现业务数据异常，并给出合理的解释，并对业务系统和数据仓库提出改进建议；5. 及时反馈工作中发现的各种数据质量问题，推动相关小组提高数据记录的精确性；6. 负责用敏捷BI、大数据等工具开发报表和分析。7. 推动平台数据产品迭代更新，优化系统功能，提升用户体验。,1. 统计学、应用数学、电子商务、计算机等相关专业，本科及以上学历；2. 具有5年以上数据仓库或数据治理相关工作经验，在数据仓库、数据治理、商务智能类项目中有两个以上项目经验；3. 熟练掌握hadoop、Mysql、R、python等数据库、统计分析软件、数据分析语言；4. 良好业务理解能力、沟通表达能力和数据分析能力，逻辑思维清晰、自我学习能力较强；5. 具有良好的服务意识、沟通能力、团队协作和敬业精神，抗压能力强；,['10000']
3,北京特艺企业管理有限公司,电子技术/半导体/集成电路,Sustainability Compliance Data Analyst可持续性合规数据分析师,['面议'],['北京'],['本科及以上'],['1年以上'],2020年04月06日,"1.	Knowledge of Regulatory agency requirements on dangerous substances such as EU Directives on RoHS and REACH, Ozone Depleting Chemicals, California’s Proposition 65, and Flame Retardants found in plastics.2.	Support requests to suppliers semi-annually, via internal and external tools3.	Manage suppliers’ Declarations of Compliance (documents) and the data extra","review documents for accuracy, update database, ensure all parts are compliant, create reports 4.	Resolve supplier issues including incomplete, outdated or missing Declarations, inaccurate reporting of substances, or alternate access methods for part material content and regulatory data.5.	Collaborate with internal sourcing managers for supplier management on sustainability topics, and issue escalations.6.	Ad hoc support of Product Teams, New Product Development groups, and others as required, to provide compliance status reports7.	Provide PLM support for loading product and component costing data into Agile tool (training to be provided), become local expertCandidate Profile","['100', '499']"
4,北京荣乾兴茂科技有限公司,专业服务(咨询/财会/法律/翻译等),数据分析助理,['6-10k·12薪'],['北京'],['大专及以上'],['经验不限'],2020年04月06日,1.国内及国外一流院校本科及以上学历2.一年相关行业工作经历3.对投资行业有热情和兴趣，具备基本商业知识4.学习能力强、具有良好的分析能力5.勤奋踏实、有良好的沟通能力和团队,,['201']
5,北京联华永盛投资管理有限公司,计算机软件,高级交易数据分析师,['18-25k·12薪'],['北京'],['本科及以上'],['经验不限'],2020年04月06日,1、设计做市交易策略，报单策略，风险管理策略；2、负责外汇做市实盘交易； 3、挖掘和分析海量市场数据，研究市场运行规律；4、市场行情研究，波动率曲面分析；5、有JAVA编程能力优先；,1、数学，统计学，物理学或相关专业方向的优秀毕业生，硕士或者以上学历；2、有1年以上相关工作经验，懂基础量化金融交易知识的优先；3、熟练掌握计算机高级语言优先,"['500', '999']"
6,美团点评,互联网/移动互联网/电子商务,充电宝-业务数据分析,['面议'],['北京-朝阳区'],['本科及以上'],['3年以上'],2020年04月06日,,1.负责相关业务单元经营分析工作，提交有效的周/月度分析报告，从数据上建立决策系统；2.负责销售全流程数据监控、分析和管理工作，对多种数据源进行深度诊断性组合分析、挖掘、构建分析模型，监控和预测业绩走向；3.数据化的业务思路，协助业务经理制定业务策略和规划，优化业务模型；4.通过对区域业务数据的收集分析和整理，分析业务模型的健康度，挖掘区域的业务机会点，产品优化策略，形成可跟踪的业务落地模式；5.外部市场信息的分析，协助业务团队建立可执行、可追溯的动作；6.深入了解客户、产品、行业的业务特征，发现商业机会和问题，并能够提出有效的建议，形成模式打法并沉淀输出，推进业务高效发展；7.除常规工作外，能够及时完成上级安排的其他分析类工作。岗位要求,['10000']
7,苏州蜜巢计算机系统有限公司,O2O服务,用户研究（偏数据分析）（异地招聘）,['25-35k·13薪'],['北京'],['本科及以上'],['5年以上'],2020年04月06日,实际工作地点为苏州，可报销异地面试路费,1、内测、公测（内测、公测运营需求，内测、公测数据复核；2、市场调研（定量用户画像完善、典型用户数据维度测算、运营数据、质量分析）3、画像、行为审核（节点用户画像审核、用户行为审核）任职要求,"['50', '99']"
8,美团点评,互联网/移动互联网/电子商务,资深运营经理（策略/数据分析方向）,['面议'],['北京-朝阳区'],['本科及以上'],['5年以上'],2020年04月06日,岗位职责1.负责酒店定价策略的建立和优化；2.根据行业经验、历史数据分析，形成定价模型；3.综合考虑业务场景、商户/用户分层，实现定价策略精细化。 岗位要求1.五年以上工作经验，有酒店、策略、商业分析相关工作经验者优先；2.具有良好的业务敏感度和数据敏感度，逻辑性强，能够在复杂的业务场景和大量数据中抽丝剥茧，寻求本质；3.具备数理统计知识，熟练掌握数据查询语言，了解数据分析语言；4.自我学习能力强，能够不断的进行自,,['10000']
9,火币集团,互联网+,数据分析专员,['12-20k·12薪'],['北京'],['本科及以上'],['经验不限'],2020年04月06日,,1.数据运营,"['1000', '2000']"
10,美团点评,互联网/移动互联网/电子商务,高级数据分析师/专家,['面议'],['北京-朝阳区'],['本科及以上'],['2年以上'],2020年04月06日,岗位职责1、业务分析，深入业务场景建立数据化的经营分析体系，通过数据为业务优化提供效果评估及数据决策支持。2、框架沉淀，将分析思路提炼并转化为数据产品需求，提供数据产品解决方案帮助业务更高效的使用数据，与相关团队协作并推动数据产品的落地。3、挖掘发现， 通过对数据的挖掘、对专项问题的重点研究与分析，输出高质量的策略建议和分析报告。3、协同发展，与大数据、算法，产品、技术等团队紧密合作，践行数据驱动提升效率的愿景。岗位基本需求1、数学、计算机、统计学、信息，大数据等相关专业，本科及以上学历，2年以上工作经验。2、数据处理能力强，可使用多种方式提取数据并进行分析，熟练掌握hive、SQL、excel等相关数据提取工具。3、掌握一定的数理统计、挖掘建模方法，擅长将业务问题转化为数学问题，并输出策略建议。4、工作积极主动，细心踏实，具备高度的工作责任心，逻辑清晰，思维缜密，数据敏感度高。5、掌握 R、Python、Tableau等分析工具和能力优先。岗位亮点1、从0到1进行数据中台建设，从底层数据建设到数据应用，端到端的技术解决方案。2、如何从复杂的业务逻辑中抽象解决问题的方法，过程中的挑战和历练，提升个人思维能力。3、应用大数据技术助力企业数字化转型，发挥大数据价,,['10000']
11,搜狗,互联网/移动互联网/电子商务,战略合作部-数据分析师,['8-16k·12薪'],['北京-五道口'],['统招本科'],['1年以上'],2020年04月06日,作为战略合作部的运营部门，对所负责的搜索、网盟和输入法业务的质量异常跟踪和推进解决，按照流程与反作弊技术、产品人员确认异常原因，为BD的合作提供建议或可行方案；对所负责的搜索和输入法业务进行质量监控。岗位职责1、负责搜索业务数据分析，根据业务需求，识别、搜集、整理各类内外部信息，竞品信息，完成市场、行业等研究报告；2、负责业务需求分析，对业务需求有敏锐的洞察，并能将其文档化；3、负责用户行为调研，通过海量数据的挖掘和分析，形成报告；4、参与内部技术交流、方案设计等工作。,1、本科及以上学历，1年以上工作经验，计算机或统计学等理工科专业背景优先，BAT优先，有搜索行业背景；2、对数据敏感，有优秀数据分析能力，具有数据类项目经验，如数据治理、数据仓库、报表等；3、对新工具和技术有学习能力，有良好的文案撰写和演讲表达能力；4、能快速理解业务，有良好的团队协作和沟通协调能力，有互联网搜索或广告相关数据分析能力的优先。,"['2000', '5000']"
12,京东商城,互联网/移动互联网/电子商务,政策规则管理岗（数据分析）,['15-25k·12薪'],['北京-大兴区'],['本科及以上'],['3年以上'],2020年04月06日,1、商城业务体验运营监控报表体系设计和搭建，对风险业务进行风控建模，预测可能的风险业务程度；2、对数据有较强的敏感性，深度挖据服务指标异常原因，通过数据洞察业务本质问题，提出改善和优化方案并实施；3、监控服务过程中业务指标达成情况，及时分析发现问题，跟踪不符合项的监控、改进、验证，制定整改措施；4、数据分析类相关项目推动实施。,1、具有较强的数据敏感性，能够通过数据分析发现业务中存在的问题2、有较强的分析问题的能力及良好的客户意识，勇于担当，积极向上，有较强的团队合作、沟通和协调能力强；3、会使用python、tableau、spss等常用数据分析工具对分析业务数据，建立预测预警模型；熟练使用sql、exce、spssl等数据整理工具。4、数学、统计学、计算机软件等相关专业本科或以上学历；5、5年以上有互联网行业运营相关工作经验者优先考虑,['10000']
13,美团点评,互联网/移动互联网/电子商务,业务数据分析,['面议'],['北京-朝阳区'],['本科及以上'],['3年以上'],2020年04月06日,,1.负责相关业务单元经营分析工作，提交有效的周/月度分析报告，从数据上建立决策系统；2.负责销售全流程数据监控、分析和管理工作，对多种数据源进行深度诊断性组合分析、挖掘、构建分析模型，监控和预测业绩走向；3.数据化的业务思路，协助业务经理制定业务策略和规划，优化业务模型；4.通过对区域业务数据的收集分析和整理，分析业务模型的健康度，挖掘区域的业务机会点，产品优化策略，形成可跟踪的业务落地模式；5.外部市场信息的分析，协助业务团队建立可执行、可追溯的动作；6.深入了解客户/产品/行业的业务特征，发现商业机会和问题，并能够提出有效的建议，形成模式打法并沉淀输出，推进业务高效发展；7.除常规工作外，能够及时完成上级安排的其他分析类工作。任职要求,['10000']
14,嘉诺恒盛(北京)教育科技有限公司,教育/培训/学术/科研/院校,互联网金融数据分析师,['8-12k·12薪'],['北京-朝阳区'],['大专及以上'],['经验不限'],2020年04月06日,初,6000RMB+提成（免费零基础专业化培训金融知识)中级管理人,"['9', '25']"
15,嘉诺恒盛(北京)教育科技有限公司,教育/培训/学术/科研/院校,金融数据分析师,['8-12k·12薪'],['北京-朝阳区'],['大专及以上'],['经验不限'],2020年04月06日,初,6000RMB+提成（免费零基础专业化培训金融知识)中级管理人,"['9', '25']"
16,北京同世堂中医医院连锁有限公司,医疗/保健/美容/卫生服务,大数据分析专员,['6-12k·12薪'],['北京-昌平区'],['大专及以上'],['3年以上'],2020年04月06日,"1、计算机相关专业，本科以上学历；2、两年以上相关工作经验；3、精通关系数据库原理,熟悉数据库系统的规划、安装、配置、性能调试，4、精通SQL脚本的编写，有丰富的数据库管理、运维调优经验；5、熟练使用数据库管理、分析、设计工具；有数据分析、市场分析的经验及能力，执行力强 会总结有经验者优先 一来能独立做的，年龄、地域、薪资不限早八晚五",,"['500', '999']"
17,爱康网,互联网/移动互联网/电子商务,数据分析主管,['面议'],['北京'],['统招本科'],['3年以上'],2020年04月06日,1、完成具体指定的数据统计分析工作；2、编制并上报统计表，建立和健全统计台帐制度；3、协调管理统计信息系统，维护和更新统计数据平台；4、做好统计资料的保密和归档工作；5、结合统计指标体系，完善和改进统计方法。,1、本科及以上学历，统计、会计学等相关专业；2、3年以上数理统计、商务等相工作经验；3、熟练操作办公自动化软件，擅长excel公式应用和ppt制作，具备文案编写能力；4、工作认真负责，积极进取，分析能力强，执行力强，良好的团队合作精神。,['10000']
18,江苏麦乐多科技有限公司,电子商务,内容数据分析,['8-10k·12薪'],['北京'],['大专及以上'],['2年以上'],2020年04月06日,1．依拖于电商平台数据工具（数据银行、生意参谋等）和与内容平台（三微一抖等）营销传播结合，两个方向上提供多维数据分析服务，并根据数据分析结果提出业务策略建议；2．负责对于各内容营销平台（3微一抖等）内容进行分析，对平台及达人的流量及转化走向进行统计、分析和监控，分析流量的来源、互动性、访问深度，销售ROI转化规律等维度，能得出相应的逻辑给出指导意见；3．对于电商平台（主要是天猫）的平台内容架构和逻辑，对行业的各内容渠道及传播媒介可触达，访问、加购、互动进行统计分析，对平台的内容数据展现做分析，给出不同阶段不同目标的内容渠道建议；4．对于内容营销与用户CRM结合部分的用户行为路径做统计分析，如何通过不同的内容对于老客复购以及新客转化通过数据思维给出规划建议；5．对各个推广平台的数据进行整理，统一优化整个系统的数据资源配合进行全渠道营销。,1. 二年以上媒体网站、电商平台、或网络营销数据分析岗位相关工作经历， 有天猫平台工作经历优先考虑；2. 熟练使用各种办公软件，如PPT、EXCEL等，能独立撰写数据分析报告；3. 熟悉电子商务网站的数据分析模型和用户数据分析模型，了解如何通过数据分析优化电商平台；4. 对数据驱动业务有深入理解，对数据与业务方面有足够敏感性，有较强的逻辑分析能力，有较强的独立思考能力；5. 具备良好的沟通能力和团队合作精神。,"['500', '999']"
19,江苏麦乐多科技有限公司,电子商务,财务数据分析专家,['10-15k·12薪'],['北京'],['本科及以上'],['2年以上'],2020年04月06日,1、对仓储物流等供应链相关的费用，以及各部门日常费用，提供不同维度和深度的月度财务分析报告，包括仓储物流费，各部门日常费用和人员成本。确保数据的正确性与完整性。能够与各相关部门进行清晰的沟通，并对存在的问题和机会进行总结，跟踪及推动。2、组织并与其他部门配合，推动完成供应链及费用相关的财务预测，能够发现机会，识别风险，帮助业务节省生产。3、整理和汇总公司整体的月度财务分析报告，以及财务预测。明确机会与问题，并跟踪进度。4、其他财务分析工作。,担任该角色所需的经验和能力,"['500', '999']"
20,美团点评,互联网/移动互联网/电子商务,高级数据分析师－运营报告班,['面议'],['北京-朝阳区'],['本科及以上'],['5年以上'],2020年04月06日,,●	基于平台业务，搭建多维度的服务数据分析框架，并完成监控和分析工作；●	对数据波动进行原因追溯，给出合理解释，并通过适当的方式进行汇报呈现，推动相关团队改善服务体验；●	面向与产品功能、客户分析相关的专题性问题，通过多种调研方式，深入了解分析诉求，搭建对应的分析模型，给出有针对性的系统性的解答；●	沉淀分析思路，利用工具搭建数据报表或负责建设分析用数据产品应用，推动报表体系和统计体系的改进；●	与产品、技术、运营等团队紧密合作，共同达成事业群产品目标；●	结合行业数据、业界观点和市场趋势，为长期业务发展方向提供战略层面的意见和建议。期望的你,['10000']
21,美团点评,互联网/移动互联网/电子商务,高级数据分析经理（HR领域）,['面议'],['北京-朝阳区'],['本科及以上'],['8年以上'],2020年04月06日,,1. 负责各个BG/平台人力资本分析，深入业务领域，通过数据分析支持并驱动组织发展和业务目标的达成;2. 负责对接HR-COE各个部门，深入了解每个HR模块的工作流程和管理要求，支持各模块的运营分析，帮助COE各部门做决策支持;3. 与HRBP/COE Leader及业务leader结对，对组织和业务问题进行深入研究，促进组织变革与业务发展;4. 集团科学管理理念和要求的传播者和实践者，辅助集团战略分析团队不断迭代;5. 建立人力资本分析模型，通过数据发现和解决组织挑战，并提升HR自身的运营能力。为什么要加入我们？1. HR分析是继商业和财务之后快速崛起的分析分支领域，可供发挥和发展的空间较大；2. 团队内外在分析、HR等相关领域同学经验都相对丰富，可以促进相互的学习和进步；3. 数据丰富程度高，可以有更多探索的空间。任职资格,['10000']
22,数通一线公司,,数据分析师,['15-30k·14薪'],['北京'],['学历不限'],['5年以上'],2020年04月06日,,,[]
23,某国有银行,,数据分析岗—数据挖掘方向,['20-30k·14薪'],['北京-朝阳区'],['统招本科'],['2年以上'],2020年04月06日,,,[]
24,某国有银行,,数据分析-管理分析方向,['20-30k·14薪'],['北京-朝阳区'],['统招本科'],['2年以上'],2020年04月06日,,,[]
25,某国有银行,,数据分析岗,['20-30k·14薪'],"['北京-朝阳区,成都-双流区']",['统招本科'],['3年以上'],2020年04月06日,,,[]
26,北京某信息技术有限公司,,数据分析师,['35-60k·15薪'],['北京-东城区'],['统招本科'],['3年以上'],2020年04月06日,,,[]
27,某知名社交网络公司,,高级增长数据分析,['30-60k·14薪'],['北京'],['本科及以上'],['3年以上'],2020年04月06日,,,[]
28,全球知名互联网公司,,数据分析产品经理（To C用户增长）,['30-50k·20薪'],['北京'],['学历不限'],['5年以上'],2020年04月06日,,,[]
29,知名互联网社交平台,,高级数据分析师,['25-40k·14薪'],['北京-东城区'],['统招本科'],['3年以上'],2020年04月06日,,,[]
30,国内知名网络直播公司,,高级数据分析师（专家级）,['25-50k·12薪'],['北京-朝阳区'],['统招本科'],['3年以上'],2020年04月06日,,,[]
31,国内互联网教育独角兽公司,,数据分析专家,['30-45k·16薪'],['北京'],['本科及以上'],['5年以上'],2020年04月06日,,,[]
32,五百强,,网络安全数据分析总架构师,['100-150k·16薪'],"['北京,深圳,上海']",['本科及以上'],['5年以上'],2020年04月06日,,,[]
33,某知名互联网新兴巨头,,数据分析师,['25-40k·18薪'],"['北京,上海,杭州']",['统招本科'],['2年以上'],2020年04月06日,,,[]
34,某咨询公司,,数据分析,['20-40k·16薪'],"['北京-海淀区,深圳-南山区']",['统招本科'],['3年以上'],2020年04月06日,,,[]
35,外资研究院,,大数据分析研究员,['20-40k·15薪'],['北京'],['硕士及以上'],['2年以上'],2020年04月06日,,,[]
36,某高新技术企业,,高级数据分析师,['40-70k·12薪'],['北京'],['硕士及以上'],['8年以上'],2020年04月06日,,,[]
37,Top互联网企业,,数据分析师-用户增长方向,['25-45k·16薪'],['北京-海淀区'],['统招本科'],['3年以上'],2020年04月06日,,,[]
38,互联网综合厂商,,商业数据分析专家,['35-65k·15薪'],['北京-朝阳区'],['统招本科'],['5年以上'],2020年04月06日,,,[]
39,北京某银行,,数据分析岗,['20-40k·15薪'],['北京'],['统招本科'],['2年以上'],2020年04月06日,,,[]
40,某知名游戏公司,,数据分析师,['20-40k·12薪'],['北京-海淀区'],['本科及以上'],['3年以上'],2020年04月06日,,,[]
41,一家国企IT软件公司,,数据分析师,['25-35k·14薪'],['北京'],['统招本科'],['5年以上'],2020年04月06日,,,[]
42,知名互联网公司,,数据分析专家,['30-60k·12薪'],"['上海,杭州,北京']",['统招本科'],['5年以上'],2020年04月06日,,,[]
43,知名互联网公司之一,,数据分析/商业分析,['20-40k·12薪'],"['北京,上海,杭州']",['本科及以上'],['3年以上'],2020年04月06日,,,[]
44,国内知名互联网公司,,数据分析师-广告产品,['30-59k·12薪'],['北京-朝阳区'],['统招本科'],['5年以上'],2020年04月06日,,,[]
45,国内某知名金融科技公司,,高级数据分析师,['18-28k·13薪'],"['北京,上海']",['统招本科'],['2年以上'],2020年04月06日,,,[]
46,知名独角兽出行公司,,高级数据分析师,['30-50k·16薪'],['北京-海淀区'],['硕士及以上'],['3年以上'],2020年04月06日,,,[]
47,国内知名互联网公司,,数据分析,['30-50k·12薪'],"['杭州,北京']",['本科及以上'],['3年以上'],2020年04月06日,,,[]
48,某知名互联网公司,,数据分析师,['90-120k·12薪'],['北京'],['统招本科'],['3年以上'],2020年04月06日,,,[]
49,国内某互联网短视频公司,,数据分析主管/经理,['30-60k·14薪'],['北京-朝阳区'],['统招本科'],['4年以上'],2020年04月06日,,,[]
50,国内某D轮融资,,商业数据分析专家,['35-60k·12薪'],['北京'],['本科及以上'],['5年以上'],2020年04月06日,,,[]
51,搜狗,互联网/移动互联网/电子商务,商业分析中心-数据分析leader（业务监控方向）,['35-50k·12薪'],['北京'],['本科及以上'],['经验不限'],2020年04月06日,1、,构建营销指标监控体系，根据指标监测业务发展态势，及时发现问题，进行异常排查、专项分析等工作，并提出有效的解决策略；2、业绩管控,"['2000', '5000']"
52,某知名央企银行公司,,数据分析岗—数据挖掘方向,['25-50k·13薪'],['北京-朝阳区'],['统招本科'],['2年以上'],2020年04月06日,,,[]
53,知名互联网企业,,高级数据分析师,['22-44k·15薪'],"['北京-朝阳区,上海-浦东新区,深圳-南山区']",['硕士及以上'],['2年以上'],2020年04月06日,,,[]
54,发展迅猛共享出行企业,,资深数据分析师,['30-45k·16薪'],['北京-朝阳区'],['本科及以上'],['5年以上'],2020年04月06日,,,[]
55,CERVANTES,,商业化数据分析专家,['20-40k·12薪'],['北京-朝阳区'],['统招本科'],['1年以上'],2020年04月06日,,,[]
56,某上市内容资讯公司,,数据分析专家,['38-65k·16薪'],['北京-海淀区'],['统招本科'],['3年以上'],2020年04月06日,,,[]
57,中国TOP前三美国上市互联网公司,,商业数据分析专家,['41-66k·12薪'],"['上海,北京,杭州']",['本科及以上'],['5年以上'],2020年04月06日,,,[]
58,中国TOP前三美国上市互联网公司,,BI数据分析专家,['41-58k·12薪'],"['上海,北京,杭州']",['本科及以上'],['5年以上'],2020年04月06日,,,[]
59,某信息公司招聘数据分析师,,数据分析师,['15-25k·13薪'],['北京-东城区'],['大专及以上'],['4年以上'],2020年04月06日,,,[]
60,某准上市公司,,数据分析专家,['40-70k·15薪'],['北京-海淀区'],['硕士及以上'],['5年以上'],2020年04月06日,,,[]
61,美团点评,互联网/移动互联网/电子商务,商业分析师/策略运营/数据分析,['面议'],['北京-朝阳区'],['本科及以上'],['2年以上'],2020年04月06日,,1. 负责销售团队/代理商管理团队/服务商管理团队/线上销售团队的目标制定、考核方案与沟通宣贯2. 负责核算产品的需求沟通、迭代升级3. 每季度2-3次一线出差调研任职要求,['10000']
62,深圳瑞银信信息技术有限公司,互联网/移动互联网/电子商务,数据分析师,['面议'],['北京-三里屯'],['本科及以上'],['2年以上'],2020年04月06日,1. 研究现有业务和客群，针对业务需求建立数据分析模型，为业务团队提供数据分析及业务诊断建议，撰写分析报告，分析范围包括市场、运营及风险，并不断优化结果；2. 通过对数据的分析不断提取业务特征变量，从数据层面帮助业务团队加深对客户、产品、风险的认识；3. 通过日常数据分析和深入专项分析，及时预警潜在风险或提示潜在业务机会 ,"1.本科及以上,金融、数学、统计学、计算机等相关专业;2. 熟悉统计分析和数据挖掘，具备熟练的Excel技能，具备一年以上SAS编程经验； 同时具备python等其他语言编程能力优先；3.具有较强的逻辑思维能力和数据敏感度，可以独立进行数据分析并出具报告；4.对消费金融和互联网金融有一定认识；5. 好奇、勤奋、乐观，终身学习者，对数据分析充满热情。","['1000', '2000']"
63,华壹信融投资管理(北京)有限责任公司,基金/证券/期货/投资,数据分析数据分析助理,['6-12k·12薪'],['北京-工体'],['大专及以上'],['1年以上'],2020年04月06日,（无经验者通过面试后可免费带薪培训）1.严格执行公司各项制度，，并定期整理交易数据，向上级领导账户分析结果；2.按照部门主管的要求进行技术和基本面规律的分析，进行数据的搜集或整理；3.配合其他部门有关工作；4.遵守公司的各项管理制度，承办领导交办的其他工作。 ,"1.18-35周岁,大本及其以上学历;性别不限、专业不限，退伍军人前考虑；2.性格开朗，诚实守信、踏实勤奋，工作积极主动；3.沟通表达能力强，较强的团队意识和协作精神；4.能承受较强的工作压力,且有强烈的上进心。 薪资待遇","['100', '499']"
64,某国内知名上市制药公司-1901,,数据管理与统计负责人,['30-60k·12薪'],['北京'],['硕士及以上'],['5年以上'],2020年04月06日,,,[]
65,某国内知名上市制药公司-1901,,数据管理与统计负责人,['30-60k·12薪'],['北京'],['硕士及以上'],['5年以上'],2020年04月06日,,,[]
66,爱奇艺,社交网络,高级数据分析师--3188,['面议'],['北京-海淀区'],['统招本科'],['3年以上'],2020年04月05日,1、负责短视频业务的数据分析工作，对产品、运营、用户增长数据进行分析、监测、统计，并形成指标体系；2、分析挖掘用户需求，形成分析报告，为产品改进提供数据支持和决策建议；3、优化改进现有的数据统计和报表系统，提升分析效率；4、构建短视频业务的竞品数据跟踪体系，产出行业分析数据，对齐业务发展目标。,1、3年以上工作经验，本科及以上学历，数学、统计学、计算机相关专业优先；2、精通 SQL，熟练使用Excel或SAS/SPSS等统计分析工具；3、具有较好的数据分析，抽象理解能力，有大型互联网公司数据分析经验、互联网数据建模分析经验者优先；4、良好的沟通及组织能力，优秀的规划力和执行力，善于合作协同，抗压能力强。温馨提示,"['5000', '10000']"
67,中科软科技股份有限公司,计算机软件,数据分析师,['13-25k·12薪'],['北京'],['统招本科'],['3年以上'],2020年04月05日,1、负责人口的各类数据整理、数据分析、数据标准制定、数据挖掘和数据关系梳理等工作，管理项目相关的各类数据资源。2、对业务分析人员进行数据需求支持，开展数据分析工作，支撑业务分析以及分析报告撰写工作。3、参与数据挖掘模型的设计和构建，针对模型运行结果进行分析和评估，并基于分析和评估成果，为业务分析和模型构建提供策略分析和业务优化建议，持续改进分析效果。4、通过数据分析、监控和日常数据挖掘，提供相应的优化完善建议，并推动改善。,"1、3年或以上相关工作经验，应用数学、统计学、通信工程、计算机等相关专业背景，本科及以上学历，有人口数据分析工作经验优先。2、熟练使用SQL &amp; Hive SQL，熟悉一门脚本语言，如Python或者R3、具备开放的团队合作心态，和拼搏的工作状态。4、具备良好的沟通能力和表达能力，能够独立开展业务调研、数据分析、报告编写工作。5、有较强的数据敏感度，良好的沟通协调能力，能承受一定的工作压力6、具备良好的逻辑思维能力，具有专业的业务研究、分析能力，根据业务数据变化及时发现问题的能力。7、能精通操作Excel、Powerpoint等软件，熟悉至少一种数据库，熟悉SQL/运用SAS、SPSS等专业统计分析工具。8、较强的工作主动性及抗压能力，工作细致耐心，有责任感,有较强的保密意识，团队合作意识强9、熟悉数据挖掘常用算法优先，有政府项目相关工作经验者优先。","['5000', '10000']"
68,深演智能,互联网/移动互联网/电子商务,数据分析师,['面议'],['北京-朝阳区'],['本科及以上'],['2年以上'],2020年04月05日,1.负责客户各部门提数需求。2.负责统计数据结果的质量保障。3.负责数据源数据情况梳理与分析4. 负责为分析结果提供洞察，并提供分析报告。,"1.2年以上数据分析经验,统招本科及以上学历，统计学、应用数学、数学、计算机等相关专业；2.熟练使用SQL进行数据分析。3.有大数据项目相关经验者优先考虑4.拥有脚本开发经验者优先考虑5.能用数据化的思维来衡量结果。6.拥有丰富的经验衡量数据的价值，并保障准确性。7.拥有良好的沟通和总结能力。","['100', '499']"
69,爱奇艺,社交网络,高级数据分析师-短视频--3027,['面议'],['北京-海淀区'],['统招本科'],['3年以上'],2020年04月05日,1、负责短视频业务的数据分析工作，对产品、运营、用户增长数据进行分析、监测、统计，并形成指标体系； 2、分析挖掘用户需求，形成分析报告，为产品改进提供数据支持和决策建议； 3、优化改进现有的数据统计和报表系统，提升分析效率； 4、构建短视频业务的竞品数据跟踪体系，产出行业分析数据，对齐业务发展目标。,1、3年以上工作经验，本科及以上学历，数学、统计学、计算机相关专业优先； 2、精通 SQL，熟练使用Excel或SAS/SPSS等统计分析工具； 3、具有较好的数据分析，抽象理解能力，有大型互联网公司数据分析经验、互联网数据建模分析经验者优先； 4、良好的沟通及组织能力，优秀的规划力和执行力，善于合作协同，抗压能力强。温馨提示,"['5000', '10000']"
70,北京联华永盛投资管理有限公司,计算机软件,高级数据分析经理,['15-25k·12薪'],['北京'],['本科及以上'],['3年以上'],2020年04月05日,1、管理和运作公司内部自有资金账户；2、有效进行风险控制，用于全球外汇市场进行实盘交易活动来获取利润；3、前期有导师指导和带领，晋升后要求能够独立交易并建立和带领属于自己新团队。公司福利1、公司对于没有任何经验，非金融专业却对金融衍生品操作有兴趣者，提供正规统一的免费带薪培训；2、有专业的培训团队手把手带你走进金融市场；3、我们有绝对的信心让你在培训期后，有属于自己的金融理念，让你找到自己在金融市场的立足点。成为我公司的优秀员工；4、对于成绩优秀学员公司提供账户帮助学员完成自,,"['500', '999']"
71,字节跳动,互联网/移动互联网/电子商务,游戏数据分析师,['面议'],['北京-海淀区'],['本科及以上'],['3年以上'],2020年04月05日,1、负责产品经分平台（BI）需求的输出与实现，并跟进使用过种中问题和提出优化方案（包含tlog数据源的维护）。2、负责产品运营数据日报、周报的输出。3、为组内其他同事在对应模块所作的数据分析，提供数据源支持。4、响应项目负责人的专项分析需求，为运营决策和内容研发方向提供分析报告作为参考。5、监控项目的关键数据（收入、活跃、在线、留存、核心玩法参与等），对数据异常进行预警、找出原因。6、在游戏新内容上线后、进行深度体验结合数据、用户反馈、用户调研输出效果分析报告。,1、热爱游戏，深入体验过多种类型的游戏。 对主流游戏的核心玩法、数值设计、经济系统、社交系统等，都有一定的了解；2、有成熟的数据分析和数据挖掘经验。 熟练掌握和使用excel。 至少熟练掌握一种查询工具（SQL、hive）。 至少数量掌握一种分析工具（SPSS、R语言、SAS等）； 3、有较好的报告撰写能力； 4、本科及以上学历，2年以上数据分析的工作经验；5、有自驱力，积极主动，工作细致，耐心，有强烈的责任感。,['10000']
72,北京耐飞科技有限公司,影视/媒体/艺术/文化/出版,影视数据分析,['10-18k·12薪'],['北京'],['本科及以上'],['1年以上'],2020年04月05日,1、负责影视剧集、网大等业务数据分析，参与数据运营体系的搭建；2、对热点项目及运营数据进行监测分析，影视行业市场战略研究，总结规律，输出报告，包括日报、周报及年报等，为业务决策提供数据支持；3、与业务部门实现战略协同，在项目运营过程中提供数据支持，建立多维数据研究模型；4、协同技术团队，跟踪监测并校正重点数据，构建并优化数据产品，如网剧网大数据看板，票房预测系统等，积极推动产品的优化升级。,1、1-3年数据分析类工作经验，熟练使用数据分析工具，懂数据可视化工具优先，如,"['100', '499']"
73,北京联华永盛投资管理有限公司,计算机软件,金融数据分析 无销售不加班,['15-25k·12薪'],['北京'],['学历不限'],['3年以上'],2020年04月05日,1、接受免费的统一专业学习培训和模拟训练。2、成绩优秀的操作员将逐步晋升中级、高级操作师。3、具有很强的工作责任心和团队合作精神。中,1、可承受较大心里压力，有很强的自我调控能力，纪律操作严格。2、对公司资金高度负责，严格执行安全控制。3、有很强的分析能力，擅长并酷爱金融分析操作工作。4、敢于迎接挑战、能独立承受压力、完成公司交付的工作任务。高级分析师,"['500', '999']"
74,泰康健投,基金/证券/期货/投资,健康科技中心--大数据分析师（算法）,['20-28k·15薪'],['北京-朝阳区'],['本科及以上'],['6年以上'],2020年04月05日,"1、基于数据分析，辅助业务管理团队科学决策，协助团队商业目标的达成；2、构建业务分析体系，监控运行状况；针对重点问题深入分析，定位问题，提供解决问题的建议，编制分析报告；3、将业务数据体系抽象成数据产品，提升数据产出的效率，优化数据使用方式，推动团队”数据驱动”的能力；4、精通EXCEL, 熟悉VBA；精通 Python和R语言；熟练使用 MYSQL、SQLServer相关数据库等工具；熟练SPSS、STATISTIC、Eviews、SAS等数据分析软件中的一门5、对于数据挖掘/机器学习有深入的了解，包括",线性回归，Logistic回归，决策树，随机森林，Gradient Boosting，聚类，时间序列，朴素Bayes，支持向量机，神经网络，主成分分析，马尔科夫链蒙特卡洛，非参数方法，生存分析，自然语言处理6、对于具体的场景，运用数据分析，与大数据算法、数仓同学深度合作，解决业务的核心痛点和难点。任职资格,['10000']
75,深演智能,互联网/移动互联网/电子商务,DSP优化师/数据分析师-BJ,['8-10k·12薪'],['北京'],['本科及以上'],['经验不限'],2020年04月05日,1、负责公司广告客户程序化购买广告投放的优化工作，合理引导客户的投放预期，把控投放节奏；2、定期与客户沟通，提供优化建议与指导，帮助客户完成KPI，提升公司业绩；3、与项目经理、技术、平台等团队沟通，保证项目顺利进行；4、对投放数据进行分析，并提供优化策略，使广告投放效果达到最大化；5、对投放平台和媒体进行充分了解，善于充分利用资源；6、制作项目投放总结报告。,1、熟悉互联网广告，有2年以上的优化相关工作经验，有SEM优化经验者优先；2、有较强的数据分析能力，熟练使用excel进行数据分析；3、对数据敏感，能够在海量数据中及时发现问题；4、善于沟通，有计划性，工作效率高；5、具备良好的工作态度和创新意识；6、优秀的团队合作精神和沟通能力，能够协调多部门协作。,"['100', '499']"
76,字节跳动,互联网/移动互联网/电子商务,产品数据分析师,['面议'],['北京-海淀区'],['本科及以上'],['3年以上'],2020年04月05日,1. 负责字节跳动旗下教育业务的数据分析相关工作；2. 对接各业务部门，全面分析业务链条中的各项业绩指标，结合业务方向输出可执行的业务优化策略；3. 对接产品团队，了解产品设计和优化方向，为产品线建立数据支持体系，通过数据为产品优化提供效果评估及数据决策支持；4. 构建用户分析体系，包含用户行为、用户画像分析，挖掘潜在的规律趋势，协助产品进行策略优化；5. 关注行业前沿动态，研究和分析行业发展趋势，量化分析价值和影响，产出专业行业分析报告；6. 跟进和监督各业务目标完成情况，定期进行产品优化效果复盘，有效提供改进策略和实施建议。,1. 本科及以上学历，2年以上工作经验，统计、数学、社会学或计算机等相关专业；2. 熟练掌握定性、定量研究方法，熟练运用Excel、SQL、Python、R语言等数据工具；熟悉tableau、spark、hive等数据库工具；3. 数据敏感、逻辑清晰、业务理解力强，能从数据中获得业务洞察，清晰了解业务重点和状况；4. 优秀的信息搜集、数据分析、撰写报告及结构化的分析思考能力，能够形成清晰的业务观点；5. 有数据分析及建模相关经验，如,['10000']
77,字节跳动,互联网/移动互联网/电子商务,数据分析-媒体研究方向,['面议'],['北京-海淀区'],['本科及以上'],['3年以上'],2020年04月05日,1、对节目收视数据及流量数据进行交叉比对，对广电合作项目判断及选择提供数据支撑；2、对站内产品数据、用户行为数据进行分析，严谨归因，为合作项目提出改进及优化建议；3、充分研究境内外同类产品，通过数据分析，发现用户及市场规律和趋势，对广电业务方向优化及调整提供数据支撑。,1、本科及以上学历，相关专业优先；2、有2年以上媒体研究、传播策略咨询、专业数据公司经验者优先；3、数据敏感，逻辑清晰，认真、严谨、踏实、科学归因；4、积极主动，自我驱动力和责任感强，有较强语言及文字表达能力。,['10000']
78,字节跳动,互联网/移动互联网/电子商务,EA数据平台-数据分析师,['面议'],['北京-海淀区'],['本科及以上'],['5年以上'],2020年04月05日,"1、负责运营业务的数据建模及业务分析工作，对各类分析任务中发现的问题，进行跟踪、定位、分析工作；2、根据业务发展趋势，定期做运营数据分析，从经营纬度、产品纬度、客户纬度对整体的业务进行分析，及时发现问题进行预警，并提出解决办法；3、对部门现有业务数据进行梳理汇总和跟踪监控，建立日常跟踪监控体系，及时敏锐的发现业务数据变化趋势；4、对业务中存在的问题点、困难点，给出数据支持、分析报告建议、问题解决方案；对重要节点或特殊节点业务消耗的变化进行专门的研究并形成分析报告；5、构建各种分析和预测模型，通过跟踪和监控重点数据, 发现潜在的缺陷与机会,为业务决策提供数据支撑。",1、统招本科及以上学历；2、3年以上电商或互联网数据分析经验，数据化运营经验，互联网广告等相关经验为加分项；3、良好的数据敏感度，能从海量数据中提炼核心结果，有丰富的数据挖掘，信息采集整理，分析能力；4、熟练独立编写商业数据分析报告，及时发现和分析其中隐含的变化和问题；5、熟练使用tableau或其它数据分析工具优先；6、有丰富的跨团队、部门的项目资源整合能力，能够独立开展研究项目，有较强的逻辑思维能力及抗压能力。,['10000']
79,字节跳动,互联网/移动互联网/电子商务,大数据分析师-模型算法方向,['面议'],['北京-海淀区'],['本科及以上'],['经验不限'],2020年04月05日,1、负责字节跳动公司各项业务ROI模型建设工作；2、持续迭代优化ROI模型，提高对ROI预测的准确程度，并能优化模型运行稳定性与效率；3、制定各种ROI模型落地策略，指导ROI模型在各业务落地，实际提高公司整体运营ROI。,1、本科或以上学历，两年以上模型算法建设经验；2、熟练Hadoop、Spark、Hive等常用大数据技术；3、至少熟练掌握Python，Java，scala等语言中的任意一种；4、擅长将业务问题转化为数学问题。能通过数学推理，制定量化业务策略；5、对数据敏感，具有良好的逻辑思维能力、分析能力、表达呈现能力，主动性强；6、良好的团队沟通和协作能力。,['10000']
80,深演智能,互联网/移动互联网/电子商务,数据分析专员BJ,['8-15k·13薪'],['北京'],['统招本科'],['经验不限'],2020年04月05日,1.多维数据收集、整理、分析及可视化输出，负责客户互联网数字营销解决方案落地的优化工作；2.与客户沟通，提供优化建议与指导；与项目经理、技术、平台等团队沟通，保证项目顺利进行；3.对互联网数字营销推广数据进行分析，充分利用媒体平台资源，并提供优化策略，使营销效果达到最大化；4.项目结束后，协助为客户出具结案报告，推荐营销的升级。 ,1.应届-2年工作经验，本科及以上学历，数学、统计学专业佳，有广告营销数据分析经验者优先；2.有较强的数据分析能力，对数据敏感，熟练运用R语言、SPSS、Python、SQL、excel等工具进行数据分析；3.逻辑思维能力强、善于沟通、有创新意识和良好的团队合作能力。基础福利,"['100', '499']"
81,当当网,互联网/移动互联网/电子商务,数据分析师,['面议'],['北京-朝阳区'],['统招本科'],['5年以上'],2020年04月05日,1、收集、分析公司的消费者行为、销售活动、市场活动相关的数据。2、对数据进行清洗、整理、分析、建模3、对数据进行分析、挖掘，提供分析报告，例如顾客购买行为报告、促销效果报告、市场投放收益报告。4、基于消费场景和用户行为分析，通过数据分析提出业务增长机会。,1、本科及以上学历，统计学、数学、物理、人口学、市调、采样等相关专业2、5年以上市调、数据分析、消费者行为分析的工作经验。甲、乙方经验不限，拥有消费品、零售、电商行业数据分析经验者优先。3、具有数据敏感度和消费者行为观察能力，逻辑性强，有分析、提炼和判断能力4. 能从信息中提炼关键节点，有整合数据口径能力。4、优秀的学习和写作能力。,"['2000', '5000']"
82,字节跳动,互联网/移动互联网/电子商务,图文审核数据分析专员,['面议'],['北京-海淀区'],['本科及以上'],['3年以上'],2020年04月05日,1、负责各项业务数据指标的监控，及时发现审核后台异常情况并推动策略改进；2、对审核日常管理数据进行分析，针对影响因素进入深入挖掘，提出管理优化建议；3、将业务中使用的模型或其它进审策略进行数据可视化，跟进或配合策略的优化；4、支持部门内各项数据需求的整理与跟进。,1、2年以上数据分析经验，统计、数学、计算机、信息管理等理工相关专业优先；2、在数据挖掘、分析方面有丰富经验，熟练使用Hive、SQL与Excel透视表等数据处理工具；3、良好的沟通能力和逻辑思维，有极强的数据分析能力，自驱力抗压能力强；4、对互联网内容行业有较高关注，有审核数据分析相关工作经验者优先。,['10000']
83,字节跳动,互联网/移动互联网/电子商务,数据分析师,['面议'],['北京-海淀区'],['本科及以上'],['5年以上'],2020年04月05日,1、规划构建业务数据体系，构建产品、运营及活动数据评估体系；2、密切关注业务进程，基于产品业务动作与效果数据，优化业务策略；3、专项课题的研究分析，通过数据分析、调研等方式产出对业务有直接推动作用的策略；4、协同数据技术进行数据整合及分析。,1、本科及以上学历，5年以上互联网数据工作经验；2、优秀的信息搜集、数据分析、撰写报告能力，能够给出有效建议；3、数据敏感、逻辑清晰、业务理解力强，能从数据中获得业务洞察，产出优化方案。,['10000']
84,字节跳动,互联网/移动互联网/电子商务,高级数据分析师-用户增长方向,['面议'],['北京-海淀区'],['本科及以上'],['3年以上'],2020年04月05日,1、负责公司旗下各产品用户增长、渠道推广业务的数据分析工作；2、搭建和优化业务分析模型，反映渠道推广效果、用户行为及成本状况，指导增长策略；3、监控业务数据，分析业务发展态势，发现并定位数据异常原因，提供预警和解决方案；4、理解产品细节，基于数据为业务发展提供决策建议，跨部门协同推进优化方案落地。,1、本科及以上学历，统计、数学、计算机相关专业；2、2年以上数据分析工作经验，熟练掌握Hive/SQL，精通Excel，掌握Tableau等BI工具尤佳；3、结构化思维，对数据敏感，自我驱动强，能通过数据主动发现问题并解决问题；4、关注互联网产品及发展变化，理解互联网业务逻辑，具备抽象思维能力，能将重复的工作自动化。,['10000']
85,北京联华永盛投资管理有限公司,计算机软件,数据分析师,['20-24k·12薪'],['北京'],['本科及以上'],['3年以上'],2020年04月05日,"1、热爱金融投资行业，有财务自由的愿望； 2、接受免费统一的带薪学习和模拟训练； 3、成绩优秀的分析师将逐步晋升为中级、高级分析师; 级别越高,机会越多,收入越高； 4、有较强的学习能力、分析能力、风险控制能力； 5、大专以上学历,有经验者优先； 6、为人诚实守信,具有良好的职业操守,注重信托责任。 岗位描述; 1、接受免费的统一专业学习和模拟训练。2、成绩优秀的分析员将逐步晋升中级、高级分析师。3、具有很强的工作责任心和团队合作精神。4、可承受较大心里压力，有很强的自我调控能力，纪律操作严格。5、对公司资金高度负责，严格执行安全控制。6、有很强的分析能力，擅长并酷爱分析操作工作。7、敢于迎接挑战、能独立承受压力、完成公司交付的工作任务。8、负责公司指定账户的或配资账户的资金运作。9、具有丰富的市场分析能力，做出每日交易计划，熟练掌握各种分析工具。10、配合培训讲师完成新入公司员工的实盘分析辅导。11、把握市场机会，及时入场出场，确保账户达到持续稳定盈利。12、有很强的数据运算能力及宏观经济数据分析能力。13、熟悉双边市场,有操",,"['500', '999']"
86,字节跳动,互联网/移动互联网/电子商务,国际化数据分析师,['面议'],['北京-海淀区'],['本科及以上'],['3年以上'],2020年04月05日,1、面向国际化商业变现团队，负责国际化商业变现业务的业务分析，敏锐洞察海外市场、关注行业动态和客户诉求，为业务团队提供决策支持；2、负责搭建国际化变现业务的分析框架，针对实际业务问题形成专题分析，可以给出具体解决方案并有效落地；3、负责搭建国际化变现业务的监控体系，通过对于用户和客户数据的深入挖掘，迅速定位内部问题或发现变现机会，驱动商业化业务发展。,1、统计学、数学、经济学等相关专业，扎实的机器学习或数据挖掘理论和技术基础，具有相关领域较深入的技术应用的经验和能力； 2、至少熟练使用R、SAS、MATLAB、PYTHON、SQL中的一种，熟悉常用数据统计和分析方法； 3、良好的沟通能力、团队合作精神、工作规划能力和主动意识； 4、良好的逻辑思维能力、业务解读能力和快速学习能力，能够独立领导完整的数据分析项目； 5、对数字比较敏感，热爱数据分析工作。,['10000']
87,字节跳动,互联网/移动互联网/电子商务,游戏数据分析师,['面议'],['北京-海淀区'],['本科及以上'],['3年以上'],2020年04月05日,1、构建并完善游戏运营数据分析体系，负责日常游戏业务相关的数据整理、统计、分析，撰写和汇总分析报告；2、针对游戏进行专项数据分析，包括但不限于用户生命周期价值、留存、流水、用户画像分析等，为运营决策、游戏优化、投放及推广策略提供数据支持；3、提炼数据需求，与团队协作进行数据建模工作，推动完善游戏精细化运营数据分析体系。,1、3年以上移动互联网数据分析经验，有游戏公司、互联网广告公司经验优先；2、良好的数据敏感度，对全生命周期的数据工作有深刻理解，包括,['10000']
88,字节跳动,互联网/移动互联网/电子商务,资深数据分析师,['面议'],['北京-海淀区'],['本科及以上'],['3年以上'],2020年04月05日,1、深入理解短视频业态，结合定性、定量的分析方法解决用户、市场及产品战略相关的问题。深入业务和行业，可以独立完成策略设计、数据处理与分析、方案评估的工作闭环；2、为管理层搭建短视频的管理指标体系，对核心业务进行拆解；3、自主对内外部数据进行分析，挖掘影响业务增长的核心因素，制定优化策略并协同推进落地；4、能够从宏观视角对业务进行解读。,1、3年以上数据分析经验，可以适应互联网行业快速敏捷的工作节奏；2、很强的好奇心、钻研精神、数据敏感性及逻辑思维能力；3、熟悉Hive SQL，熟悉Python/R等分析工具，有较强的快速学习能力并能指导团队；4、对统计学有较深的理解，有增长、AB 实验、数据建模经验者优先；5、有互联网公司数据分析，商业分析，策略经理等经验者优先；6、有团队管理经验者优先。,['10000']
89,字节跳动,互联网/移动互联网/电子商务,数据分析师-英语教育产品,['面议'],['北京-海淀区'],['本科及以上'],['1年以上'],2020年04月05日,1、英语教育新产品的数据监控体系和报表体系设计；2、全面分析各项影响产品提升与增长的因素，找到可优化提升的点，帮助业务快速提升；3、提供日常数据支持，为业务拓展及优化提供决策建议。,1、本科及以上学历，数学、统计学、计算机专业；2、1年以上数据分析工作经验，熟练掌握Hive/SQL，精通Excel，掌握Tableau等BI工具；3、好奇心强，求知欲强，有钻研探索精神，对数据分析有强烈兴趣者优先；4、目标导向，性格严谨细致认真。,['10000']
90,贝壳找房(北京)科技有限公司,O2O服务,资深数据分析师,['35-60k·16薪'],['北京'],['本科及以上'],['5年以上'],2020年04月05日,1.根据业务需求，协助制定指标，梳理指标体系，设计数据埋点方案，并跟进落实;2.负责中心日常运营数据的统计、监控，并进行量化分析，定制化推送共性基础数据，实现常规报表的自动化；3.对产品数据进行例行监控，及时发现数据的异常波动，并通过深入分析了解其原因，定期输出相关数据分析报告；4.通过数据分析挖掘，分析功能使用场景、用户画像特征，发现潜在的缺陷与机会，为业务决策提供数据支撑；5.根据数据分析结论，推导解决方案，并推进方案应用落地。,1.本科及以上学历，数学、统计学、计算机等相关专业优先；2.有1年以上数据分析相关工作经验；3. 熟练运用SQL，有python或R基础，有tableau相关工作经验优先；4. 了解hadoop生态，Hive及相关hql，ETL等工作，熟悉数据仓库(DW)/商业智能(BI)的数据框架； 5.拥有敏锐分析能力，严谨客观的分析态度，优秀的学习能力和沟通表达能力，能够快速熟悉业务，并对用户体验有敏锐的数据洞察力；6.性格稳重，良好的沟通能力，富有团队合作精神，抗压力强，对工作专注、投入。,"['1000', '2000']"
91,字节跳动,互联网/移动互联网/电子商务,高级数据分析师-抖音/火山,['面议'],['北京-海淀区'],['本科及以上'],['3年以上'],2020年04月05日,1、负责抖音/火山/直播等多款产品的策略相关数据分析工作；2、梳理业务核心逻辑，构建能够刻画业务当前状态的数据体系；3、对互联网某几项领域有深入的了解，能从行业趋势和产品形态等角度，给业务方方向与业务模式的建议；4、全面分析各项影响产品提升与增长的因素，各项业务细节，结合业务方向，给出可落地的整体的产品优化方案；5、区别传统回答问题型分析师，希望能够解决问题，针对一个业务方向，能够找出其中问题，产出策略，推动落地执行。,1、数学、统计学、计算机相关专业优先，对数据分析有强烈兴趣者优先；2、好奇心强，求知欲强，有钻研探索精神，对数据分析有强烈兴趣者优先；3、有互联网公司数据分析，产品经理，运营经理，策略经理等多方面经验者优先；4、创新能力强，面对业务上各种新问题，能创造性的发明新的分析优化方案者优先；5、性格严谨细致认真。,['10000']
92,字节跳动,互联网/移动互联网/电子商务,直播审核策略-数据分析方向（CPDA）,['面议'],['北京-海淀区'],['本科及以上'],['经验不限'],2020年04月05日,1、以提升审核质量为目的，对内容质量核心数据进行分析；2、从数据方面找出指标之间的相互关联关系，及时发现审核异常情况；3、从数据分析方向着手，并辅助梳理直播链路和流程；4、直播业务相关数据需求和分析需求，完善直播业务分析基础数据建设；5、支持配送各部门提数需求。,"1、熟练掌握数据报表处理工具，熟练使用hive,sql与excel；2、在数据挖掘、分析方面有丰富经验；3、具备良好的沟通协调能力,逻辑能力，对数据敏感；4、2年以上数据分析经验；大学统计学，数学，计算机，信息管理相关专业优先；5、态度端正，自我学习及抗压能力强；6、对互联网平台内容关注度高，直播相关工作经验者优先。",['10000']
93,泰康健投,基金/证券/期货/投资,健康科技中心-高级数据分析师,['15-25k·15薪'],['北京'],['统招本科'],['5年以上'],2020年04月05日,1. 基于HADOOP生态系统进行大数据平台建设；2. 负责各业务条线相关指标数据的数据建模3. 负责基于sqoop，hive、spark、sparksql、mysql进行大数据开发4. 负责离线运算、实时计算平台项目的设计、开发及运维5. 负责对数据平台进行性能调优,1、.统招本科或以上学历，6年以上大数据开发工作经验；2.熟练掌握Shell、python开发语言；3.熟练掌握Hadoop、Hive、Hbase、Spark、Spark SQL、Storm、Sqoop、Kafka、Flume、SparkMlib等分布式框架原理，有相关的调优、运维、开发经验；4.熟练掌握mysql数据库集群；5. 精通主流ETL开发工具，如,['10000']
94,字节跳动,互联网/移动互联网/电子商务,音乐版权数据分析,['面议'],['北京-海淀区'],['本科及以上'],['3年以上'],2020年04月05日,1、协调统筹集团向海外音乐版权方的数据汇报流程；2、参与集团音乐使用数据评估分析，建立数据分析模型，进行版权管理，以及同其他团队成员一起协作完善系统功能等；3、协助产品团队优化版权曲库的建设。,1、本科及以上学历，2-5年工作经验；英文口语、书写能力良好，可作为工作语言；2、能够熟练运用excel，word等办公软件，熟悉SQL等基本数据分析工具；3、了解音乐版权，热爱音乐行业，工作主动，善于学习与独立思考，有创业精神，愿意在一个高速发展的企业快速成长，拥抱不确定性；4、具备较强的沟通交流能力，头脑清晰，思维敏捷，细心负责，能与团队很好的协作。,['10000']
95,某知名互联网综合服务集团公司,,数据分析师,['50-80k·16薪'],"['深圳,北京']",['统招本科'],['8年以上'],2020年04月05日,,,[]
96,著名互联网+交易平台,,数据分析部总监,['60-70k·15薪'],['北京'],['统招本科'],['8年以上'],2020年04月05日,,,[]
97,某金融科技互联网公司,,218970 数据分析,['55-70k·12薪'],['北京'],['统招本科'],['5年以上'],2020年04月05日,,,[]
98,北京某知名外贸电商公司,,数据分析师,['20-25k·14薪'],['北京'],['本科及以上'],['3年以上'],2020年04月05日,,,[]
99,北京某互联网数据公司,,资深数据分析师,['25-46k·12薪'],"['北京,上海']",['本科及以上'],['3年以上'],2020年04月05日,,,[]
100,某知名互联网企业,,数据分析,['30-60k·14薪'],"['北京,上海,深圳']",['统招本科'],['3年以上'],2020年04月05日,,,[]
101,90后社交平台龙头,,数据分析,['20-35k·14薪'],['北京'],['本科及以上'],['3年以上'],2020年04月05日,,,[]
102,今日头条,互联网/移动互联网/电子商务,数据分析师,['面议'],['北京-海淀区'],['本科及以上'],['3年以上'],2020年04月05日,1、独立负责头条旗下一款产品的数据分析，深入了解业务，跟进产品和运营迭代效果，独立产出项目分析报告；2、优化核心数据监控体系，进行指标异动分析，及时发现业务问题并寻求解决方案；3、根据用户行为分析数据，对产品优化提出建议并跟踪优化效果；4、关注行业发展趋势，进行行业研究及竞对研究。,1、统计学，应用数学，计算机等相关专业本科及以上学历，3年以上互联网数据工作经验；2、精通Excel、SQL等，掌握第三方可视化数据平台优先；3、热爱数据分析工作、具有高度的数据敏感性与洞察力，高效的团队协作及沟通能力。,['10000']
103,国内一线互联网公司,,数据分析专家（后台）-北京#139014,['25-50k·16薪'],"['北京,杭州,上海']",['统招本科'],['5年以上'],2020年04月05日,,,[]
104,某知名公司,,数据分析工程师4名,['15-18k·12薪'],['北京'],['统招本科'],['5年以上'],2020年04月05日,,,[]
105,某银行,,数据分析,['40-50k·12薪'],['北京'],['统招本科'],['2年以上'],2020年04月05日,,,[]
106,某知名公司,,数据分析专家,['50-80k·15薪'],['北京-海淀区'],['统招本科'],['5年以上'],2020年04月05日,,,[]
107,知名大数据、人工智能服务商,,高级数据分析师,['20-30k·15薪'],"['北京-朝阳区,上海']",['本科及以上'],['5年以上'],2020年04月05日,,,[]
108,某知名移动互联网企业,,会员数据分析,['10-15k·13薪'],"['北京,西安']",['本科及以上'],['3年以上'],2020年04月05日,,,[]
109,阿里旗下生活平台,,数据分析专家,['20-40k·14薪'],"['上海,北京,杭州']",['本科及以上'],['5年以上'],2020年04月05日,,,[]
110,字节跳动,互联网/移动互联网/电子商务,短视频数据分析师,['面议'],['北京-海淀区'],['本科及以上'],['1年以上'],2020年04月05日,1、搭建短视频产品的核心指标体系，进行指标和业务的拆解；2、深入理解短视频、直播业态，结合定性、定量的分析方法解决用户、市场及战略相关的问题。结合项目，可以在指导下完成策略设计、数据分析、方案评估的相关工作；3、对内外部数据进行深入专题分析，挖掘影响业务规模和增速的核心驱动因素，探索改进策略并推进落地；4、深入理解业务战略目标及实现策略、执行抓手，发挥主观能动性，提升业务战略方向的精准，加强策略的有效性，确保执行有力。,1、1-3年数据分析工作经验，可以适应互联网行业快速敏捷的工作节奏；2、很强的好奇心、钻研精神、数据敏感性及逻辑思维能力；3、熟悉Hive SQL，熟悉Python/R等分析工具，有较强的快速学习能力；4、对统计学有较深的理解，有增长、AB实验、数据建模经验者优先；5、有互联网公司数据分析，商业分析，策略经理等经验者优先。,['10000']
111,在线教育行业,,数据分析专家,['25-45k·16薪'],"['武汉,北京-海淀区,福州']",['统招本科'],['5年以上'],2020年04月05日,,,[]
112,HB Technology,,高级数据分析总监,['35-65k·16薪'],"['上海,杭州,北京']",['本科及以上'],['8年以上'],2020年04月05日,,,[]
113,某知名公司,,大数据分析专家（制造业）,['20-35k·14薪'],"['厦门,北京,深圳']",['统招本科'],['5年以上'],2020年04月05日,,,[]
114,国内知名家电企业,,高级数据分析师,['18-36k·16薪'],['北京'],['统招本科'],['3年以上'],2020年04月05日,,,[]
115,国内知名家电企业,,数据分析运营,['18-36k·16薪'],['北京'],['统招本科'],['3年以上'],2020年04月05日,,,[]
116,某知名互联网企业,,高级数据分析工程师（BI）,['28-38k·12薪'],"['杭州,北京,上海']",['统招本科'],['2年以上'],2020年04月05日,,,[]
117,大型互联网金融,,风控-模型与数据分析总监,['40-50k·12薪'],['北京'],['统招本科'],['5年以上'],2020年04月05日,,,[]
118,知名科技企业,,数据分析研究员,['16-32k·16薪'],['北京-朝阳区'],['学历不限'],['经验不限'],2020年04月05日,,,[]
119,字节跳动,互联网/移动互联网/电子商务,数据分析专家-反作弊,['面议'],['北京-海淀区'],['本科及以上'],['3年以上'],2020年04月05日,1、针对风控场景数据，进行独立专题数据分析2、有效利用公司内外部资源，构建有效的风险评分及评级模型,1、了解数据挖掘，数据探索，异常数据监测的方法，并有在大数据集上落地经验2、有三年以上数据分析经验，熟悉评分卡，机器学习等建模方法，对指标在模型中的评估机制有系统化的认知3、熟练使用数据分析工具和办公软件，快速学习能力强4、熟悉Hive、Spark等大数据平台5、掌握 python 语言，掌握常见的数据分析工具 numpy/scipy/pandas，掌握常见的可视化分析方法matplotlib/seaborn 等6、有风控数据分析工作经验者优先,['10000']
120,某知名排名前列股份制银行,,数据分析师,['20-40k·16薪'],['北京'],['统招本科'],['2年以上'],2020年04月05日,,,[]
121,某互联网公司,,数据分析&行业分析工程师,['20-40k·16薪'],['北京'],['本科及以上'],['5年以上'],2020年04月05日,,,[]
122,字节跳动,互联网/移动互联网/电子商务,数据分析经理,['面议'],['北京-海淀区'],['本科及以上'],['5年以上'],2020年04月05日,1. 推进数据分析工作，规划搭建数据指标体系和分析体系；2. 密切关注业务进程，基于产品业务动作与效果数据，输出改进方案，优化业务策略；3. 加强产品运营等问题深入分析，为公司决策提供数据支持；4. 跨部门就业务和数据课题进行有效沟通协调，推动数据分析成果和应用落地。,1. 本科及以上学历，5年以上互联网BI/经营分析相关数据分析工作经验，有过团队管理经验；2. 熟练使用SQL，优秀的excel、PPT技能，有R语言或python基础优先；3. 优秀的组织协调能力，自我驱动力强，结果导向； 4. 责任心强，具备沟通协调和闭环管理、推进能力；5. 抗压性强，勇于挑战和突破。,['10000']
123,GBG,IT服务/系统集成,数据分析,['15-20k·12薪'],['北京'],['本科及以上'],['5年以上'],2020年04月05日,,,['10000']
124,知名互联网公司,,高级数据分析师,['20-40k·16薪'],"['北京,深圳']",['统招本科'],['3年以上'],2020年04月05日,,,[]
125,***企业管理有限公司,,数据分析师,['20-40k·15薪'],"['上海,北京,深圳']",['统招本科'],['3年以上'],2020年04月05日,,,[]
126,国内知名互联网公司,,数据分析师负责人,['40-70k·12薪'],['北京'],['本科及以上'],['5年以上'],2020年04月05日,,,[]
127,字节跳动,互联网/移动互联网/电子商务,数据分析师,['面议'],['北京-海淀区'],['本科及以上'],['3年以上'],2020年04月05日,1、整理本部门业务数据需求，建立业务数据模型；2、负责部门层面的业务分析工作，通过对数据的收集、统计分析与利用，编制分析报告，提出业务管理的改进建议；3、跟踪业务/重点项目的发展变化，对业务经营发展状态进行监控分析，提出策略建议报告；4、负责监控各业务线执行情况，推进经营分析相关事项的落地；5、其他相关工作任务。,1、重点大学本科及以上学历，金融、数学、统计学等相关专业优先；2、具有快速学习和思考能力，优秀的商业分析能力、敏锐的数据洞察力、结构化思维能力；3、两年以上数据分析相关从业经验；4、精通EXCEL、PPT，能使用SQL数据库软件者加分；5、责任心强，具备沟通协调和闭环管理、推进能力。,['10000']
128,字节跳动,互联网/移动互联网/电子商务,数据分析师,['面议'],['北京-海淀区'],['本科及以上'],['3年以上'],2020年04月05日,1、财经新产品的数据监控体系和报表体系设计；2、每天结合业务进行数据监控和分析，定期输出数据挖掘专题项目；3、结合渠道信息和用户信息，协助搭建渠道用户画像系统，帮助优化产品和提升运营推广效率；4、搭建数据化推广平台，帮助内外部渠道优化投放效率，实现推广的精细化。,1、硕士及以上学历，数学、统计学专业；2、2年以上互联网数据运营分析相关经验，具备数据库查询和编程能力，能够有算法经验优先； 3、出色的数据分析、总结归纳能力，逻辑清楚，思维缜密，数据敏感度高；4、强烈的责任感和目标导向，自我驱动； 5、优秀的沟通协调能力、项目管理能力，良好的团队合作精神 。,['10000']
129,字节跳动,互联网/移动互联网/电子商务,人力数据分析师,['面议'],['北京-海淀区'],['本科及以上'],['3年以上'],2020年04月05日,1、结合公司现有系统，深入分析人力数据和业务数据平台，搭建公司人力资源数据报告体系和可视化数据分析平台（HRBI）；2、针对公司业务，通过梳理并优化现有数据分析的内容、流程和机制，深度挖掘数据价值，提供人力资源数据策略支持；3、支持对接公司重点人力资源项目，借助数据分析，发现人力资源管理问题，提出改进意见，探索和研究提高人力ROI的方法，为公司人才规划和发展提供建议4、完成行业、竞争对手等进行HR相关数据整合和研究分析，输出人力资源分析报告，为管理层决策提供支持，并在业务扩张过程中持续提供支持；,1、本科及以上学历，统计学、经济学、信息管理系统，计算机相关专业优先；2、1年以上数据工作经验，互联网公司商业分析，大型企业数据分析或咨询公司背景，熟悉BI系统搭建者优先；3、优秀的商业分析能力（结构化思维）、敏锐的数据洞察力； 4、具备良好的沟通协调能力、学习能力，成就驱动，极强的保密意识和良好的职业道德；5、具备专业的数据处理和分析能力，精通数据分析工具，如excel、tableau、R、python等，能够熟练使用PPT、Excel等工具；,['10000']
130,字节跳动,互联网/移动互联网/电子商务,数据分析师（高级/资深）,['面议'],['北京-海淀区'],['本科及以上'],['1年以上'],2020年04月05日,1、基于用户增长与渠道推广，建立为团队提供反映产品和运营状况的分析模型；2、持续跟踪业务数据，监测业务发展态势，为业务指标异常提供预警、监测和解读；3、深入理解产品细节，推动基于对照试验的产品和策略迭代；4、与产品，渠道，研发等配合。推进优化方案落地执行，带来业务的实际提升增长；5、结合行业数据、业界观点和市场趋势，为长期业务发展方向提供战略层面的意见和建议。,1、计算机/统计学/数学等相关专业统招本科及以上学历，在用户增长/产品优化/商业分析方向上具有3年以上相关经验者优先；2、对数据敏感，逻辑严谨，结构化思维，工作自驱，擅长沟通；3、有互联网或咨询从业经验，对互联网产品兴趣浓厚，深入理解业务逻辑；4、熟练使用SQL/excel/Python/Tableau等数据分析和统计分析工具。,['10000']
131,字节跳动,互联网/移动互联网/电子商务,数据分析师-风险评估方向,['面议'],['北京-海淀区'],['本科及以上'],['1年以上'],2020年04月05日,1、对产品风险相关维度进行数据监测和问题分析2、与业务、产品和技术等团队沟通协作，推动问题解决和产品优化3、挖掘完善风险相关指标，负责安全风险相关的指标监控，可以对风险问题及时预警,"1、本科及以上学历，计算机、统计学、数学等相关专业2、3年以上互联网数据分析工作，熟练使用SPSS、R、python等数据分析工具之一,能熟练使用SQL/HiveQL语句3、对大数据、互联网、视频行业有一定的认知和理解4、思维严谨，逻辑性强，有强烈的责任心、沟通协调能力和团队合作精神；5、有信息安全类产品经验者优先",['10000']
132,软通动力技术服务,互联网/移动互联网/电子商务,数据分析,['10-20k·12薪'],['北京-西北旺'],['本科及以上'],['1年以上'],2020年04月05日,熟练运用 SQL和hive，熟悉Excel，SPSS等分析软件；熟悉python，scala ，spark开发；具有较强的逻辑思维、清晰的沟通表达能力； 拥有海量数据处理和挖掘经验,,['10000']
133,深演智能,互联网/移动互联网/电子商务,数据分析专家,['面议'],['北京-双井'],['本科及以上'],['3年以上'],2020年04月05日,1. 深度了解相关行业（汽车、快消、电商、金融等）Markting特征，参与并协助前端业务人员Pitch行业VIP客户，协助数据产品团队搭建并优化智能营销平台产品；2. 负责公司数据产品的日常运营及数据监测，包括但不限于数据分析、趋势分析、报表呈现、营销洞察等，为客户Markting相关事宜提供专业解读、改进策略、实施建议等，提炼比稿沉淀相关行业专业分析/核心报告、营销洞察；3. 高频与公司及客户内外相关人员协作，输出相关数据及报告，相关团队包括但不限于公司内部研发、产品、运营、销售团队，客户内部技术、市场、CRM团队，外部广告公司、检测公司等，推进客户智能营销的实践及公司数据产品的商业化进程；4. 协助研发、产品、市场等内部团队，提供相应数据分析、监测、评估、优化及迭代等建议。,1. 深刻理解/熟悉主流行业（汽车、快消、电商、金融等）Marketing相关策略及互联网广告，有2年及以上的Markting领域相关数据分析经验者更优，有SEM/SEO优化/广告投放数据监测及分析/DSP投放优化等经验者更优；2. 能够从海量数据中分析总结得出关键结论，熟悉SQL、HIVE、SAS、R、Matlab等重点考虑；3. 本科及以上学历，数学、统计学、物理、市场营销、经济学、广告学等专业更优；4. 有较强的逻辑思维能力、数据洞察力、总结提炼、沟通协调、团队合作能力，能熟练使用excel等办公软件。,"['100', '499']"
134,深演智能,互联网/移动互联网/电子商务,数据分析工程师-BJ,['面议'],['北京-双井'],['本科及以上'],['1年以上'],2020年04月05日,1、参与公司复杂项目的方案设计，并提出数据分析方案和产出描述；2、完成大型及复杂项目实施过程中的数据提取、数据分析、数据展示工作；3、基于数据分析出得到的有价值信息，能够独立或协助研究经理形成系统性的解决方案；4、对于数据分析和数据挖掘技术有较全面深入的理解，能够对客户或团队成员形成知识转移。,1、本科及以上学历，数学专业和统计分析专业优先；2、1年以上开发经验，比如JAVA/Python/c++等；3.、熟悉常用分布式计算和存储框架，hadoop/HDFS/Hive/Spark等；4、有数据挖掘和机器学习算法，决策树/SVM/聚类/逻辑回归/贝叶斯等者优先 ；5、有数据库相关经验者优先；6、有互联网广告行业经验者优先。,"['100', '499']"
135,深演智能,互联网/移动互联网/电子商务,数据分析工程师,['面议'],['北京'],['本科及以上'],['2年以上'],2020年04月05日,1、参与公司复杂项目的方案设计，并提出数据分析方案和产出描述；2、完成大型及复杂项目实施过程中的数据提取、数据分析、数据展示工作；3、基于数据分析出得到的有价值信息，能够独立或协助研究经理形成系统性的解决方案；4、对于数据分析和数据挖掘技术有较全面深入的理解，能够对客户或团队成员形成知识转移。,1、本科及以上学历，数学专业和统计分析专业优先；2、1年以上开发经验，比如JAVAPythonc++等；3.、熟悉常用分布式计算和存储框架，hadoopHDFSHiveSpark等；4、有数据挖掘和机器学习算法，决策树SVM聚类逻辑回归贝叶斯等者优先 ；5、有数据库相关经验者优先；6、有互联网广告行业经验者优先。,"['100', '499']"
136,上海某知名快递公司,,数据统计分析专家（总经理、副总裁级）,['50-80k·12薪'],"['上海,北京,广东']",['统招本科'],['8年以上'],2020年04月06日,,,[]
137,某香港主板上市药企,,数据管理与统计部门总监,['50-80k·12薪'],['北京'],['硕士及以上'],['7年以上'],2020年04月05日,,,[]
138,光大养老健康产业发展有限公司,基金/证券/期货/投资,运营管理主管（经营数据统计分析）,['8-12k·12薪'],['北京-官园'],['大专及以上'],['2年以上'],2020年04月05日,1、年龄25-35，养老行业1年以上工作经验，2年以上管理经验，数据统计、客户服务等相关专业。2、熟悉电脑操作，文字功底深厚，擅长统计分析。3、认可养老行业，擅长沟通交流，性格开朗外向。 ,优先安排、录用疫情一线医护工作者子女！,"['1000', '2000']"
139,中保保险资产登记交易系统有限公司,保险,信息服务岗（数据统计管理方向）,['面议'],['北京-西单'],['统招本科'],['5年以上'],2020年04月05日,1. 基于公司汇总数据源，按需求统计和提取多种维度数据，为监测分析工作提供技术支持；2. 制定信息数据规范，监督信息设计、采集、加工、应用过程中的信息质量，定期提供信息质检报告；3. 基于基础数据分析，研究设计各类数据产品结构和模型；4. 负责制定信息采集规范并进行采集信息，维护采集信息源，设计合理的信息逻辑结构，为信息加工提供依据；5. 参与撰写数据统计分析报告。,1. 全日制本科以上学历，有IT和金融交叉背景；2. 具有保险资管、基金、证券、银行等金融行业5年以上工作经验，熟悉保险资管产品、信托产品、理财产品、券商资管计划、不动产投资、股权投资等业务；3. 对数据挖掘和分析性趣浓厚，熟练使用数据挖掘工具，能够不断自我学习；4. 具有良好的逻辑分析能力、沟通能力和文字表达能力。,"['50', '99']"
140,中移信息技术有限公司,通信(设备/运营/增值),大数据分析岗,['面议'],['北京-金融街'],['统招本科'],['3年以上'],2020年04月04日,1. 基于业务线的场景设计，协助对数据进行挖掘和整理2. 根据公司业务，利用大数据分析手段，协助形成大数据分析报告，并辅助提出可行性的解决方案3. 根据大数据分析结果，协助团队分析业务模式改进点与创新点4. 根据业务或应用需求，协助技术团队完成数据建模及模型开发等工作5. 根据业务要求，参与数据服务方案设计，并协助数据资产团队完成数据资产开发及治理等相关工作,教育,"['2000', '5000']"
141,腾讯,互联网/移动互联网/电子商务,高级数据分析师-创新项目,['30-60k·12薪'],['北京-海淀区'],['本科及以上'],['5年以上'],2020年04月04日,1、负责创新项目用户增长方向的数据分析，规划搭建数据指标体系和分析体系，依靠数据来帮助团队挖掘增长目标；2、使用统计学分析方法、挖掘算法，构建数据分析模型来驱动增长；3、设计AB方案，推断挖掘影响业务增长的核心因素，制定优化策略并协同推进落地；4、与产品、工程、算法团队配合，深度参与产品增长计划，依据数据分析结果帮助团队确定目标和优先级；5、深入理解用户侧产品，围绕用户获取、激活、留存、ARPU等问题，设计搭建完善的数据体系，驱动业务的发展。,"1、本科及以上学历，计算机、统计、数学、通信等理工类相关专业；2、熟悉数据库、数据仓库，有海量数据处理经验，熟练使用mysql和hsql；3、有扎实的编程能力和坚实的工程能力，熟悉python，hadoop, hive，spark等；4、精通至少一门编程语言，熟练运用各种常用算法和数据结构，有独立的实现能力；5、熟悉机器学习、数据挖掘、数据分析、分布式计算至少某一方面，有较深的理论研究和实践经验优先；6、对数据敏感，善于从数据中发现疑点，具有推荐系统、社交、社区、短视频等相关工作经验优先；7、熟悉增长黑客(Growth Hacking)，或对此有强烈兴趣者优先。",['10000']
142,中软国际科技,IT服务/系统集成,看点数据分析,['10-13k·12薪'],['北京-马连洼'],['本科及以上'],['1年以上'],2020年04月04日,1、整理数据埋点规范，对新增数据埋点进行校验和验收；2、梳理指标口径，输出规范化指标管理文档；3、配合数据产品经理的工作，包括但不限于数据工具需求收集，功能测试，疑问解答等；4、配合数据分析师的工作，包括但不限于数据提取，数据加工，文档整理等。,1、有app数据埋点相关经验；2、有数据报表开发或BI相关经验；3、熟练运用hive sql，excel，思维导图等工具。,['10000']
143,中软国际科技,IT服务/系统集成,数据分析支持,['10-12k·12薪'],['北京'],['本科及以上'],['1年以上'],2020年04月04日,1、日常周报的数据整理及其他临时性数据支持2、协助支持日常会议推进需求及跨团队沟通协调3、协助支持一些专题性的分析报告4、协助相关数据产品的搭建,1、严谨认真，优秀的数据处理和分析能力，计算机、统计、经济学、心理学、社会学等专业优先2、沟通能力较强，独立承担跨团队项目推进的工作3、熟练使用Office办公软件，尤其是Excel、PPT,['10000']
144,饿了么,O2O服务,数据分析师,['20-35k·14薪'],['北京'],['硕士及以上'],['3年以上'],2020年04月04日,1.面向外卖市场，精通业务，设计反映业务特征的数据体系，及时发现和定位业务问题；2.能独立完成数据需求或与BI配合，获取必要的数据；3.对专题问题进行深入分析，为运营决策、产品方向、销售策略提供数据支持；4.沉淀分析思路与框架，提炼数据产品需求，做好数据分析结论与业务目标以及达到目标所需资源和落地之间的衔接工作；5.与产品、运营、BI团队紧密协作进行数据建模及数据报表产品化工作，提升业务部门的数据化运营效率；6.参与建立用户、商户、物流、市场各环节关键数据节点的设计，用数据驱动增长；7.GMV、商户经营、用户数、物流质量增长负责；,"1.研究生及以上学历，统计、数据、金融、信息管理等专业优先；2 5年以上互联网平台数据运营或分析师经验；3.有独立推进大型专题分析的经验，用户增长领域优先；4.良好的数据敏感度，能从海量数据提炼核心结果，并用简洁而清晰的方式呈现数据背后的商业逻辑和相关洞察，有出色的结构化思维能力；5.熟练运用hive，EXCEL,MY SQL等工具，独立且高效地完成数据提取及分析者优先；6.具备良好的PPT技巧及工作汇报能力；7.强大的自驱力，敬业精神，良好的跨部门沟通及资源整合能力，能够独立推进项目。""8.能适应一个月50%时间在外出差！",['10000']
145,火币集团,互联网+,技术专家（数据分析）,['35-55k·12薪'],['北京'],['学历不限'],['5年以上'],2020年04月04日,1、结合公司查略要求、结合各业务情况，梳理并完成自上而下的各业务线的业务指标体系；2、带领团队，协助业务落地指标体系，并根据业务情况进一步形成指标的自动化监控、分析及排查能力；3、带领团队根据业务数据发现并分析异常，形成异常分析排查机制、专项分析机制等工作；4、梳理并抽象日常业务行为，结合数据指标，形成标准化数据运营流程；5、协助数据应用团队梳理业务需求，完成指标展示、监控、分析等自动化能力的开发；,1、5年以上数据相关工作经验，1年以上技术团队管理经验；2、熟悉Hive、Spark、MySQL等，熟悉Python、Shell、Java等一种语言，熟悉 tableau、sas 等一种工具；3、对数据具备较好的敏感度，逻辑清晰，具备良好的洞察力；4、良好的跨团队、部门沟通及资源整合能力，能带领团队完成攻坚。,"['1000', '2000']"
146,粉笔未来科技,在线教育,数据分析师,['20-30k·13薪'],['北京-朝阳区'],['统招本科'],['3年以上'],2020年04月04日,1、深入理解公司业务，建立标准业务指标规范，搭建并持续优化业务的分析体系，尤其是用户分析体系；2、利用高效率数据工具及精准的分析及预测模型，汇总多种数据源进行深度挖掘和分析，形成有利于提升内部效率的策略；3、监控业务相关核心指标变化，解读异常数据，并跟踪解决方案的实施进度；4、配合并给予积极的数据需求响应支持，独立负责或参与跨部门数据项目的推进；5、负责完善营销端、运营端、产品端等相关业务数据流程，并对相关数据进行解读，提出业务优化方向；,1、本科以上学历，3年以上产品、运营、用户、营销相关业务分析经验；2、精通建模理论，具有扎实的统计学知识及数据分析挖掘能力，具备出色的需求分析能力及快速学习能力，能深入理解复杂的业务逻辑；3、丰富的数据分析经验，逻辑严谨，良好的数据敏感度，能快速定位问题及提炼核心结论，精通Python、Hive、SQL其中一种语言；4、具备良好的团队合作精神和团队管理能力，具备出色的沟通能力。福利待遇,"['5000', '10000']"
147,米图维(上海)商务咨询有限公司,专业服务(咨询/财会/法律/翻译等),数据分析工程师0416,['8-9k·12薪'],['北京'],['硕士及以上'],['2年以上'],2020年04月04日,,1、BI技术调研与系统设计、数据建模； 2、跨平台数据应用分析与数据挖掘 3、用户体验研究与创新呈现模式； 4、产业专业指示研究导入优化系统； 5、辅助主管完成部门预算控制； 6、部门内与外工作协调； 7、上级交办的临时性工作。 任职要求,[]
148,北京中经惠众科技有限公司,大数据行业应用,资深数据分析（监管业务）,['18-35k·12薪'],['北京-海淀区'],['统招本科'],['6年以上'],2020年04月04日,1. 业务分析，指标拆解，基于大数据或者知识图谱平台进行业务建模；2. 负责数据挖掘分析工作，将数据和业务深度融合，挖掘价值，从应用出发不断倒逼数据质量；3.专注于金融建模和解决方案；4.软件需求提出。,1. 本科及以上学历，5年以上银行或者保险数据开发经验，熟悉业务和底层数据；2. 对数据敏感，主动分析数据内在逻辑和联系；3. 精通银行等金融业务，能够独立设计业务模型，逻辑性强，掌握一定的业务分析方法，有监管报送方面工作经验的优先；4.愿意专精业务，较强的学习和沟通能力，能很好与金融专业人事沟通交流；5.有将法律法规转化为业务模型和方案的能力；6.能较熟练运用SQL等工具查询和提取数据，能简单使用python更优。,"['100', '499']"
149,北京中经惠众科技有限公司,大数据行业应用,资深数据分析师（金融业务分析）,['18-35k·12薪'],['北京-海淀区'],['统招本科'],['6年以上'],2020年04月04日,1. 业务分析，指标拆解，基于大数据或者知识图谱平台进行银行业等金融业务建模；2. 负责数据挖掘分析工作，将数据和业务深度融合，挖掘价值，从应用出发不断倒逼数据质量；3.专注金融风险模型和解决方案；4.软件需求提出。,1. 本科及以上学历，5年以上银行业保险业等金融数据相关经验，熟悉业务和底层数据；2. 对数据敏感，主动分析数据内在逻辑和联系；3. 熟悉对私或对公信贷业务信审、风控、催收、处置等贷前贷中贷后管控之一；或熟悉资产证券化或类资产证券化的风控和评级；或熟悉债券评级；或熟悉投顾、网金营销类业务；4.愿意专精业务，较强的学习和沟通能力，能很好与金融专业人事沟通交流；5.同时有金融机构和乙方工作经验的优先；,"['100', '499']"
150,北京中经惠众科技有限公司,大数据行业应用,资深数据分析师（数据）,['18-35k·12薪'],['北京-海淀区'],['统招本科'],['6年以上'],2020年04月04日,1. 业务分析，指标拆解；2. 新业务的数据规范制定；3.行业数据治理和数据标准；4.将数据和业务深度融合，挖掘价值，从应用出发不断倒逼数据质量；5.软件需求提出。,1. 本科及以上学历，5年以上银行或者保险数据开发经验，熟悉业务和底层数据；2. 对数据敏感，主动分析数据内在逻辑和联系；3.熟悉银行投行业务;或熟悉金融市场；或财务会计；或贸易融资4.了解相关金融监管法律法规；5.愿意专精业务，有较强的学习和沟通能力，能很好与金融专业人事沟通交流；6.能用SQL等工具查询和提取数据，能使用简单的python更优。,"['100', '499']"
151,米图维(上海)商务咨询有限公司,专业服务(咨询/财会/法律/翻译等),数据分析工程师0416(17244013),['8-10k·12薪'],['北京'],['硕士及以上'],['2年以上'],2020年04月04日,1、BI技术调研与系统设计、数据建模；2、跨平台数据应用分析与数据挖掘3、用户体验研究与创新呈现模式；4、产业专业指示研究导入优化系统；5、辅助主管完成部门预算控制；6、部门内与外工作协调；7、上级交办的临时性工作。,学历,[]
152,贝壳找房(北京)科技有限公司,O2O服务,HR系统组-数据分析产品经理（HRBI）,['25-40k·16薪'],['北京'],['统招本科'],['4年以上'],2020年04月04日,1.	基于数据分析结果提供对业务的建议和洞见，驱动管理效率提升和运营策略优化； 2.	针对公司业务，通过梳理并优化现有数据分析的内容、流程和机制，深度挖掘数据价值，提供人力资源数据策略支持；3.	在对业务、场景和用户深刻理解的基础上，将业务问题抽象为数据问题，并通过数据化运营手段解决。同时与人力资源各业务部门深度合作，结合数据结果发掘人工智能在人力资源各业务场景的应用,1.	统招本科及以上学历，5年以上数据分析经验，具备HRBI产品方向建设经验及HR数据智能化应用产品方向经验；2.	高执行力及推动能力，专业的数据处理和分析能力，精通数据分析工具；3.	清晰的分析逻辑，能快速发现问题、拆解问题并定位解决方案。4.	大型公司HR业务、HRIS、HRBI产品背景或咨询背景者优先,"['1000', '2000']"
153,贝壳找房(北京)科技有限公司,O2O服务,数据分析师（监察）,['20-35k·16薪'],['北京-海淀区'],['统招本科'],['5年以上'],2020年04月04日,"1、通过数据分析准确反应业务开展当中的问题, 及时发现与定位业务端问题，并给出成型建议;2、负责产品的用户分析，通过对海量数据的分析挖掘，提取用户特征、行为轨迹、及变动趋势，搭建客户画像模型，制定客户分层和相应的用户运营策略，推动数据化运营方案的实施和落地;3、建立分析模型，通过公司的海量数据，应用统计分析、数据挖掘方法解决业务部门的实际需求;4、基于对于所接口业务线规则及业务数据的深入理解，思考业务的key success factor，搭建业务分析框架，独立完成报告撰写，推进分析结果在业务的应用，并根据分析结果提出决策建议;",1、数学、统计、计算机等相关专业本科及以上学历；2、五年或以上数据分析工作经验，有互联网/电商数据分析工作经验者优先；3、了解互联网产品数据分析原理，有清晰的数据分析的思路和方法；4、精通SQL，能够使用R语言或python;5、能够独立完成数理统计、数据分析、数据挖掘等工作，熟知常用算法；6、有较高的商业敏感度，能够快速理解业务逻辑，实现业务需求。7、有指标体系搭建，tableau搭建或者Power BI使用经验,"['1000', '2000']"
154,广州某游戏公司,,高级数据分析师,['20-40k·13薪'],"['北京,上海,深圳']",['学历不限'],['2年以上'],2020年04月04日,,,[]
155,某科技公司,,高级数据分析师,['20-40k·13薪'],"['北京,上海,深圳']",['学历不限'],['3年以上'],2020年04月04日,,,[]
156,国内知名互联网公司,,商业分析总监（数据分析）,['30-55k·17薪'],"['北京,上海']",['本科及以上'],['4年以上'],2020年04月04日,,,[]
157,某知名互联网公司,,高级/资深数据分析师,['25-50k·13薪'],['北京'],['统招本科'],['3年以上'],2020年04月04日,,,[]
158,某知名互联网公司,,风险数据分析师,['25-50k·13薪'],"['北京,上海']",['统招本科'],['3年以上'],2020年04月04日,,,[]
159,某国企公司,,高级数据分析师,['30-50k·12薪'],['北京-朝阳区'],['统招本科'],['5年以上'],2020年04月04日,,,[]
160,某知名互联网公司,,风险数据分析师,['25-50k·13薪'],"['北京,上海']",['统招本科'],['3年以上'],2020年04月04日,,,[]
161,某国企公司,,高级数据分析师,['30-50k·12薪'],['北京-朝阳区'],['统招本科'],['5年以上'],2020年04月04日,,,[]
162,国内top级能源底层数据上市企业,,商业分析/数据分析,['30-60k·13薪'],['北京-朝阳区'],['学历不限'],['3年以上'],2020年04月04日,,,[]
163,某互联网科技公司,,资深数据分析师,['30-55k·13薪'],['北京'],['硕士及以上'],['2年以上'],2020年04月04日,,,[]
164,某知名AI公司,,高级数据分析工程师,['45-50k·12薪'],['北京-昌平区'],['统招本科'],['5年以上'],2020年04月04日,,,[]
165,国内某高新技术企业,,大数据工程师（数据分析岗）,['12-21k·12薪'],['北京'],['统招本科'],['3年以上'],2020年04月04日,,,[]
166,石油能源行业大型信息化提供商,,数据分析师,['15-30k·12薪'],['北京-昌平区'],['统招本科'],['5年以上'],2020年04月04日,,,[]
167,某知名在线教育平台,,HR数据分析师,['35-45k·12薪'],['北京'],['统招本科'],['5年以上'],2020年04月04日,,,[]
168,某商业地产房地产公司,,数据分析师,['15-20k·12薪'],['北京'],['统招本科'],['2年以上'],2020年04月04日,,,[]
169,某大型上市公司,,数据分析运营总监,['70-100k·12薪'],['北京-海淀区'],['统招本科'],['5年以上'],2020年04月04日,,,[]
170,云计算厂商,,资深数据分析师,['100-150k·14薪'],"['杭州,北京,深圳']",['硕士及以上'],['1年以上'],2020年04月04日,,,[]
171,某知名电商平台,,数据分析师,['20-40k·14薪'],['北京'],['统招本科'],['5年以上'],2020年04月04日,,,[]
172,国内某知名金融上市企业,,数据分析,['15-30k·20薪'],"['上海,北京,深圳']",['统招本科'],['3年以上'],2020年04月04日,,,[]
173,全球某知名信息科技公司,,高级数据分析师,['50-80k·15薪'],"['北京-海淀区,上海-闵行区,深圳-南山区']",['学历不限'],['1年以上'],2020年04月04日,,,[]
174,国内某知名国有企业,,数据分析岗,['15-20k·12薪'],['北京-朝阳区'],['学历不限'],['2年以上'],2020年04月04日,,,[]
175,字节跳动,互联网/移动互联网/电子商务,成本数据分析师,['面议'],['北京-海淀区'],['本科及以上'],['经验不限'],2020年04月03日,1、分析公司内部技术服务资源及基础设施成本数据，通过数据挖掘成本优化点，提出成本优化建议，支持运营成本不断降低；2、负责成本优化项目的数据分析，评估项目全周期和分阶段的收益并进行数据监控；3、建立有关衡量成本的数学模型和指标体系，且推动落地；4、不断完善成本相关的数据基础建设，让数据在成本控制和优化中发挥重要作用。,1、计算机、数据科学等数理相关专业优先，熟悉数学建模方法和 SQL/Python/数据可视化等相关技术，了解大数据、机器学习原理；2、有基础设置资源相关工作背景者优先；3、有数据分析、产品经理、运营经理、策略经理等背景者优先；4、具备缜密逻辑思维，良好沟通理解能力；5、求知欲、自驱力、创新力强，有强烈钻研探索精神和责任心。,['10000']
176,睿智合创(北京)科技有限公司,IT服务/系统集成,金融数据分析师(J10087),['18-36k·15薪'],['北京-东四'],['统招本科'],['3年以上'],2020年04月03日,职责描述1.负责维护线上金融业务的数据支持体系、数据监控体系，能快速从数据发现业务的异常，与产品、运营、风险沟通协调解决异常；2.追踪业务调整，建立AB试验后台等复盘和归因机制，提高公司各产品线的数据分析效率； 3.针对业务重点方向深入研究，深度挖掘数据价值，包含用户行为分析、用户画像分析、用户分层等，提出可落地的产品策略建议和相关数据支持，提高数据运营效率；,职位要求1.本科及以上学历。统计学/数学/计算机/物理等相关专业优先；2.具有2年以上头部互联网金融相关数据分析风险背景优先；3.精通SQL，熟练使用SAS/python/R（其一），熟练使用tableau或其他bi工具4.业务理解能力强，可快速把握业务重点，形成分析框架且有自己明确的观点输出；5.具有良好的主动沟通意识、协调资源与项目推动的能力，具有高度的责任心、自我驱动力和主人翁意识。,"['100', '499']"
177,中油瑞飞,计算机软件,数据分析师,['面议'],['北京'],['本科及以上'],['3年以上'],2020年04月03日,1. 负责数据仓库及应用项目建设（报表、分析指标）需求调研、业务沟通、需求分析，.编制需求说明书和数据调研报告；2. 负责数据仓库及应用项目的系统与业务系统的接口设计；3. 负责数仓业务应用设计，包括业务逻辑设计，应用展示原型设计，数据源分析；4. 监控业务数据及核心指标，及时发现业务数据异常，并给出合理的解释，并对业务系统和数据仓库提出改进建议；5. 及时反馈工作中发现的各种数据质量问题，推动相关小组提高数据记录的精确性；6. 负责用敏捷BI、大数据等工具开发报表和分析。7. 推动平台数据产品迭代更新，优化系统功能，提升用户体验。,1. 统计学、应用数学、电子商务、计算机等相关专业，本科及以上学历；2. 具有3年以上数据仓库或数据治理相关工作经验，在数据仓库、数据治理、商务智能类项目中有两个以上项目经验；3. 熟练掌握hadoop、Mysql、R、python等数据库、统计分析软件、数据分析语言；4. 良好业务理解能力、沟通表达能力和数据分析能力，逻辑思维清晰、自我学习能力较强；5. 具有良好的服务意识、沟通能力、团队协作和敬业精神，抗压能力强；,"['2000', '5000']"
178,喜马拉雅,社交网络,数据分析师,['10-18k·16薪'],['北京-酒仙桥'],['硕士及以上'],['2年以上'],2020年04月03日,1.良好的沟通能力和学习能力，一定的抗压能力，有高度责任感；2.熟练使用SQL/Excel，熟练使用SAS/R/Python优先，有其他语言的编程能力优先；3.对世界好奇，对数据高度敏感，具有较强的逻辑分析能力；4.本科以上学历，有2年以上经验互联网产品数据分析或数据运营经验；能力优异或学习能力强，工作经验可放宽至1年以上。,有强烈的目标导向；有人工智能产品，内容类产品，增长相关数据分析经验,"['2000', '5000']"
179,猎聘招聘顾问团队,互联网/移动互联网/电子商务,地产数据分析经理(中交地产股份有限公司),['20-25k·12薪'],['北京-西城区'],['硕士及以上'],['5年以上'],2020年04月03日,重庆实,000736)。2008年底，公司完成重大资产重组暨定向增发工作，成为中国房地产开发集团公司（以下简称中房集团）所属的国有控股房地产上市公司。2011年，中房集团与中国交通建设集团有限公司（以下简称中国交建）完成重大重组，我公司隶属于中国交建房地产板块，成为中国交建房地产业务国内上市平台公司。目前公司注册资金29719万元，总股本29719万股，主营业务为房地产开发与经营，注册地在重庆，总部设在北京。    我公司依法建立了完善的法人治理结构，设立了股东大会、董事会和监事会。在经营管理机构方面，公司总部设战略投资中心、品牌营销中心、商业管理中心、产品研发中心、项目管理中心、运营管理中心、人力行政中心（党群工作部）、财务管控中心、风险管控中心、总裁办、监察督办部、董事会办公室（证券部）等12个部门。    我公司目前业务拓展到包括房地产开发、工业地产经营、物业管理等领域。公司在北京、上海、深圳、重庆、天津、长沙、苏州、宁波等城市相继开发一批住宅、写字楼和工业地产项目，公司不仅积累了较强的经济实力，也聚集了一支有事业心、有信念、精通业务、善于管理的房地产开发专业队伍，为公司今后的发展打下了良好的基础。    我公司将凭借优良的资产、优秀的管理能力、专业的市场运作，实现与员工、合作伙伴和中国房地产行业共同成长，为企业做大做强的愿景而不懈努力！,"['500', '999']"
180,舆情早报网,,数据分析师经理,['9-15k·12薪'],['北京'],['统招本科'],['2年以上'],2020年04月03日,,,[]
181,北京凯恩思市场咨询有限公司,,助理数据分析师,['5-6k·12薪'],['北京'],['统招本科'],['经验不限'],2020年04月03日,,,[]
182,北京禧云企业管理有限公司,,数据分析,['面议'],['北京'],['本科及以上'],['5年以上'],2020年04月03日,,,[]
183,广东康景物业服务有限公司,,数据分析师,['14-18k·12薪'],['北京-南磨房'],['统招本科'],['3年以上'],2020年04月03日,,,[]
184,瑞幸咖啡(中国)有限公司,,数据分析师,['10-15k·12薪'],['北京-双榆树'],['统招本科'],['3年以上'],2020年04月03日,,,[]
185,华夏人寿保险股份有限公司,,数字金融事业部 数据资源处 数据分析岗,['面议'],['北京'],['硕士及以上'],['3年以上'],2020年04月03日,,,[]
186,中移雄安信息通信科技有限公司,,大数据分析工程师,['15-20k·15薪'],['北京-宣武门'],['统招本科'],['3年以上'],2020年04月03日,,,[]
187,恒昌利通投资管理,,高级/资深数据分析师,['面议'],['北京-海淀区'],['统招本科'],['3年以上'],2020年04月03日,,,[]
188,北京友聚四海网络科技有限公司,,数据分析（高级）经理,['25-35k·12薪'],['北京-朝阳区'],['硕士及以上'],['5年以上'],2020年04月03日,,,[]
189,北京数字精准广告有限公司,,数据分析师,['15-20k·13薪'],['北京-海淀区'],['统招本科'],['3年以上'],2020年04月03日,,,[]
190,北京自如生活企业管理有限公司,,数据分析专家（服务线）,['面议'],['北京-朝阳区'],['统招本科'],['5年以上'],2020年04月03日,,,[]
191,内蒙古西贝餐饮集团有限公司,,会员数据分析主管,['8-12k·12薪'],['北京-朝阳区'],['本科及以上'],['2年以上'],2020年04月03日,,,[]
192,深圳晶泰科技有限公司,,药物数据分析工程师,['13-25k·13薪'],['北京-五道口'],['硕士及以上'],['经验不限'],2020年04月03日,,,[]
193,北京三六九数动科技有限公司,,数据分析（高级）经理,['30-45k·12薪'],['北京'],['本科及以上'],['5年以上'],2020年04月03日,,,[]
194,京东数字科技控股有限公司,,数据分析经理,['面议'],['北京'],['本科及以上'],['3年以上'],2020年04月03日,,,[]
195,河北幸福消费金融股份有限公司,,贷后数据分析,['面议'],['北京-和平里'],['统招本科'],['6年以上'],2020年04月03日,,,[]
196,新东方教育科技集团有限公司,,数据分析（运营方向）,['面议'],['北京'],['统招本科'],['2年以上'],2020年04月03日,,,[]
197,LALABOBO,,数据分析经理,['20-40k·12薪'],['北京'],['统招本科'],['5年以上'],2020年04月03日,,,[]
198,国双科技,,高级数据分析师,['面议'],['北京'],['硕士及以上'],['3年以上'],2020年04月03日,,,[]
199,中国移动通信集团北京有限公司,,大数据分析,['面议'],['北京'],['硕士及以上'],['3年以上'],2020年04月03日,,,[]
200,LALABOBO,服装服饰/纺织/皮革,数据分析经理,['20-40k·12薪'],['北京'],['统招本科'],['5年以上'],2020年04月03日,1、负责公司品牌零售业务相关数据指标的监测、数据汇总、整合、分析，并结合品牌、竞争对手、行业数据分析，建立相关的数据模型，为公司的战略决策服务；2、整合内外部数据，利用各种数据工具，搭建和完善数据分析体系及内外数据收集；3、根据运营需要，针对用户、销售、推广等数据定期输出日报/周报/月报；4、支持并指导业务部门开展店铺运营诊断分析，对业务数据进行挖掘及提炼，找出核心问题，并向运营团队提出优化建议及解决方案；5、负责用户行为分析等数据商业价值挖掘工作；6、负责对竞品进行调研及数据分析，对自身产品、零售业务进行改善。,1、本科及以上学历，统计学、数学等相关专业；2、6年以上零售、快消等行业数据分析和数据洞察等相关经验；3、对数据敏感，具备优秀的信息整合、数据处理和分析能力，并能形成清晰的业务观点和前瞻判断；4、熟练使用Office办公软件，熟练掌握EXCEL、SAS、Spss等数据分析工具，且对行业中的新兴数据分析、数据展现工具有探索研究精神；5、善于人际沟通，踏实、激情、上进，逻辑思维严谨，具备较强学习能力、组织协调能力、跨团队沟通能力和团队合作精神，良好的职业道德，强烈的责任心及团队奉献精神；6、具备的强烈的目标导向，能独立工作及有较强的文字表达能力，抗压能力强。,"['1000', '2000']"
201,国双科技,互联网/移动互联网/电子商务,高级数据分析师,['面议'],['北京'],['硕士及以上'],['3年以上'],2020年04月03日,1、基于公司自有的多源数据平台，进行数据分析及数据挖掘；2、立足于行业，构建行业特有的数据分析体系；3、立足于用户，挖掘用户行为模式，构建用户数据模型；4、研究行业较为先进的分析方法与分析模型，优化现有的分析结构与应用方向；5、形成多种类型、有价值的分析报告；6、协助支持销售竞标，提供有针对性的数据支持；7、支持战略规划，协助公司新产品市场开拓阶段的数据分析支持；8、参与并实施数据库标准化与优化的相关工作；,1、3年以上工作经验，社会学、传播学、市场营销学、经管等相关专业，硕士及以上学历；有数据类产品或分析类产品建模、规划经验者优先考虑；2、熟练掌握多种统计、分析和呈现方法,"['1000', '2000']"
202,中国移动通信集团北京有限公司,通信(设备/运营/增值),大数据分析,['面议'],['北京'],['硕士及以上'],['3年以上'],2020年04月03日,1. 负责移动通信行业的数据挖掘、数学建模和智能化分析工作，通过机器学习、深度学习等人工智能技术，进行投诉用户预测、用户满意度分析等用户感知评估，进行网络质量波动分析、网络容量预测等网络趋势预测，对网络问题进行智能化定位分析等工作，解决目前网络面临的业务问题，实现用户感知提升。2. 牵头人工智能数据挖掘项目相关的技术方案、分析报告等，负责数据分析、数据挖掘前瞻技术在理论及互联网应用的跟踪与研究。3.负责人工智能团队建设，指导搭建人工智能平台，明确团队阶段性目标方向。,1. 研究生及以上学历，计算机科学与应用、软件工程或其它相关专业优先； 2.具有3年及以上工作经验，其中2年及以上的相关开发和项目管理工作经验者优先；3. 有良好数学背景，具备优秀的代码编写能力，掌握扎实的人工智能、数据挖掘理论基础，精通各种机器学习、深度学习的算法与模型，并有较丰富的机器学习、深度学习建模的项目研发经验。熟悉hadoop数据平台架构下的海量数据处理、数据分析挖掘等工作。 4. 熟练使用Python，Java、C++语言进行数据挖掘及数学建模；熟练掌握Hbase、Hive等数据库技术； 熟悉Hadoop、Spark、Storm等大数据平台。 5. 有责任心，工作热情、耐心、踏实、严谨，有团队合作精神； 具备有很好的学习和逻辑能力，强烈的探索和求知欲，能迅速进行机器学习研究或探索新框架使用；6. 具备较强的学习、分析问题的能力，良好的团队合作意识与跨部门沟通的能力； 具备一定的抗压能力。,"['5000', '10000']"
203,海博思创,汽车/摩托车,数据分析工程师（应届硕士）,['10-20k·12薪'],['北京'],['本科及以上'],['经验不限'],2020年04月03日,,Python，R语言，数据采集，数据挖掘，商业分析，行业分析岗位职责1、电动车和储能系统数据挖掘；2、电芯性能数据挖掘；3、车辆运营数据挖掘；任职要求,"['500', '999']"
204,神州数码(中国),计算机硬件/网络设备,数据分析实习生(014671),['4-6k·12薪'],['北京'],['本科及以上'],['经验不限'],2020年04月03日,1、对海量业务数据进行导入并诊断、汇总、分析、呈现BI分析报告，从数据中挖掘和整理客户行为特征，满足建模研究的需要；2、分析业务问题，通过应用统计学的相关理论、数据挖掘模型、机器学习方法建立数据模型，为用户的业务发展、产品策略、市场活动、风险管理等提供决策支持；3、能够按照项目经理要求完成项目实施。,"1、本科及以上在校生，数学、统计、经济学、商业分析、计算机等相关专业；2、实习期不少于3个月，实习期间每周出勤不少于4天；3、掌握回归、时间序列、决策树等数据挖掘常用算法和基本理论；4、具有良好的逻辑思维、学习能力和数据敏感度；5、善于团队合作，具备良好的沟通表达能力和理解能力6、具备SAS、SQL、Tableau等数据分析及可视化软件使用经验者优先；7、校内外参与数据分析建模相关项目或者大赛获奖者优先。""","['5000', '10000']"
205,Baidu,互联网/移动互联网/电子商务,移动生态用户增长部_数据分析师,['20-40k·12薪'],['北京'],['统招本科'],['3年以上'],2020年04月03日,-负责文娱平台数据产品的基础承建（包括打点，统计，可视化建设等），分析，挖掘，通过有效数据评估对产品运营活动进行持续优化-负责构建BC端产品／运营数据评估体系，策略模型搭建，研究互联网产品，用户增长变化，用以支持各项增长提供策略决策-负责因项目需要而赋予的其他数据相关工作职责,-精通sql，Linux/Unix平台上的python、熟悉常用脚本语言 -具有较好的数据分析，抽象理解能力，熟悉常用算法和产品数据结构-思维敏捷，良好的逻辑分析能力、对数据敏感，精通excel &amp; PPT-具有机器学习、信息检索、统计学，端产品数据打点等相关工作经历者优先-良好的沟通及组织能力，优秀的规划力和执行力，善于合作协同，抗压能力强,['10000']
206,北京数字精准广告有限公司,大数据广告,数据分析师（广告行业）,['13-18k·13薪'],['北京-海淀区'],['统招本科'],['2年以上'],2020年04月03日,1、针对广告投放项目，进行投放目标人群的数据建模和媒体流量分析；2、结合广告投放场景和用户画像进行bad case分析、归纳统计指标建设，协助模型快速定位问题；3、承担用户研究项目，如用户行为分析、用户画像等。,1、统招本科及以上学历，数学、统计及计算机相关专业；2年以上相关经验。2、具备撰写一定数据语言的基础，如SQL、Python等；Excel达人，各种透视图和数据分析公式运用熟练；3、2年以上互联网数据分析、咨询类、营销策划类从业经验。有用户研究、用户画像等项目经验，或广告行业经验者优先；4、具备良好的沟通能力和表达能力，可独立开展业务调研、数据分析；5、 良好的沟通能力及团队合作精神，强烈的责任心和正直严谨的工作态度。,"['100', '499']"
207,瑞数,计算机软件,数据分析师-北京,['10-20k·12薪'],['北京-亮马桥'],['本科及以上'],['2年以上'],2020年04月03日,· 支持常规的统计需求，完成数据分析报告· 对各种安全及非安全系统来源的数据进行整理和综合分析· 根据数据分析结果发现问题，并协助解决问题· 协助建立、完善分析模型,"· 本科以上学历，数学、统计、计算机相关专业， 2年以上数据分析相关工作经验· 热爱数据分析工作，以数据分析为职业发展方向· 对数据和数据价值敏感，能够独立完成多维度的数据分析· 有使用数据分析平台（ELK/Splunk等）经验者优先· 有JavaScript, Python等编程经验者优先· 有网络安全背景，了解黑色产业链者优先· 积极主动，有很强的学习能力和意愿· 有良好的沟通能力和团队协作能力","['100', '499']"
208,威讯柏睿数据科技(北京)有限公司,计算机软件,数据分析师（应届）,['面议'],['北京-朝阳区'],['统招本科'],['经验不限'],2020年04月03日,1、匹配业务场景，使用机器学习、文本挖掘、用户特征提取、用户聚类分类、推荐系统协同过滤等技术，设计数据建模（模型/算法）解决方案；2、对客户进行需求调研，配合销售对客户进行业务数据进行分析和建模，并负责各类数据挖掘模型的开发、应用、监控优化，支撑公司数据挖掘课题落地；3、开展数据挖掘分析算法/工具研究工作，研发创新方法解决业务问题，并组织相应方法／工具的引入，技术规范制定和推广。,1、计算机、数学、统计或其他相关领域，本科及以上统招学历；2、熟悉数理统计、机器学习具体实施方法；3、擅长常用统计，如线性回归、逻辑回归、时间序列、聚类及神经网络等；4、能有效完成报告呈现和数据解读；5、会Python，R，Java或C语言其中一种及以上者优先；6、海量数据处理和挖掘经验者优先。,"['100', '499']"
209,威讯柏睿数据科技(北京)有限公司,计算机软件,数据分析师,['15-25k·12薪'],['北京-望京'],['硕士及以上'],['3年以上'],2020年04月03日,1、匹配业务场景，使用机器学习、文本挖掘、用户特征提取、用户聚类分类、推荐系统协同过滤等技术，设计数据建模（模型/算法）解决方案；2、对客户进行需求调研，配合销售对客户进行业务数据进行分析和建模，并负责各类数据挖掘模型的开发、应用、监控优化，支撑公司数据挖掘课题落地；3、开展数据挖掘分析算法/工具研究工作，研发创新方法解决业务问题，并组织相应方法／工具的引入，技术规范制定和推广。,1、计算机、数学、统计或其他相关领域，硕士及以上统招学历；2、3年及以上大数据行业的数据分析工作经验，熟悉数理统计、机器学习具体实施方法；3、擅长常用统计，如线性回归、逻辑回归、时间序列、聚类及神经网络等；4、能有效完成报告呈现和数据解读；5、会Python，R，Java或C语言其中一种及以上；6、海量数据处理和挖掘经验者优先。,"['100', '499']"
210,四川长虹佳华信息产品有限责任公司,IT服务/系统集成,数据分析师,['10-15k·12薪'],['北京-丰台区'],['本科及以上'],['3年以上'],2020年04月03日,1.基于对公司业务的理解，搭建业务分析模型，为管理层决策和业务策略提供有质量的数据支持;2.通过数据监控快速精准发现问题，与各团队进行沟通，落实改进措施; 3.分析相关的行业趋势，为业务提供有价值的行业趋势分析和方向建议;4.密切与各团队配合，完成各团队提出的临时数据分析需求;5.全流程参与公司数据中台的搭建;,1.全日制统招本科及以上学历，统计、数学、计算机等相关专业，3年或以上数据分析经验;2.具备较强数据的处理能力，熟悉至少一种数据库产品（Hive、Oracle、MySQL等），具备较强的SQL代码能力；3.有较强的数据洞察能力及独立思考问题的能力； 4.具有良好沟通协调能力、良好的抗压性、高度的责任心和团队协作精神;,"['1000', '2000']"
211,闪电快车软件(北京)有限公司,互联网/移动互联网/电子商务,高级数据分析师,['20-30k·12薪'],['北京'],['本科及以上'],['5年以上'],2020年04月03日,1、统计学、数学、经济学等相关专业，扎实的机器学习或数据挖掘理论和技术基础，具有相关领域较深入的技术应用的经验和能力； 2、至少熟练使用 R、SQL、SAS、MATLAB、PYTHON 中的一种，熟练掌握 SQL， 熟悉常用数据统计和分析方法； 3、良好的沟通能力、团队合作精神、工作规划能力和主动意识； 4、良好的逻辑思维能力、业务解读能力和快速学习能力，能够独立领导完整的数据分析项目； 5、对数字比较敏感，热爱数据分,,"['100', '499']"
212,河北秦淮数据有限公司,IT服务/系统集成,采购数据分析专员（精通EXCEL） (MJ000119),['8-15k·12薪'],['北京-朝阳区'],['统招本科'],['2年以上'],2020年04月03日,1.执行采购订单和采购合同，按公司流程规范落实具体采购流程；2.根据业务需求形成数据分析报表和报告；3.数据整合、提炼、分析，总结规律并给出业务经营建议；4.评审、管理供应商，维护与其关系；5.支持部门合同审批、归档、整理记录. ,1.熟悉采购流程，具有良好的沟通能力、谈判能力和成本意识；2.工作细致认真，责任心强，思维敏捷，具非常好的团队合作精神；3.思路清晰，必须精通EXCEL，熟悉ERP、SAP等系统；4.能承受一定工作压力 .,"['500', '999']"
213,车好多集团,O2O服务,业务数据分析师,['20-30k·12薪'],['北京'],['本科及以上'],['经验不限'],2020年04月03日,1. 对接业务线，梳理需求，获取数据，分析数据，诊断问题，提出策略建议；2. 开发、维护日常数据报表，按需编写专题分析报告；3.与相关团队协作进行数据建模工作，推动业务数据化运营。任职要求,1. 统计学、数学、计算机相关专业的重点本科及以上学历，3年以上相关工作经验；2. 有数据分析，数据运营、或者商业分析经验，互联网工作背景；3. 对数据敏感，能够快速发现数据变化和隐藏问题；4. 熟练SQL，熟练使用EXCEL处理、分析数据，能够独立撰写分析报告。,['10000']
214,滴滴,O2O服务,数据分析专家(J200310016),['14-21k·12薪'],['北京-海淀区'],['本科及以上'],['3年以上'],2020年04月03日,1. 助力,基于业务现状和发展态势，能够从数据维度找出价值点供业务思考，并提供清晰实用的分析和业务优化方法，数据驱动业务的快速发展。2. 业务痛点分析,"['5000', '10000']"
215,北京万维盈创科技发展有限公司,仪器仪表,数据分析师,['8-15k·12薪'],['北京'],['本科及以上'],['经验不限'],2020年04月03日,1.参与建立数据抽取方案、数据清洗方案、搭建数据分析环境；2.参与数据抽取、数据清洗、分析模型设计、数据分析工作；3.使用相关BI软件实现数据可视化；4.技术支持工作，包括客户技术交流、客户培训等；5.负责数据分析标准方案、流程和业务规范的编制。,1.通讯、计算机、统计学、数学相关专业，本科学历；2.有环保、水利等监测行业软件公司工作经历；3.有软件开发经验，参与过完整的数据分析项目，并独立负责某项业务工作，有专长；4.对数据敏感度高，对数据分析工作有爱好和热情，学习能力强；5.思维敏捷 、有独立的思考能力，能快速理解业务意图；6.有团结协作精神和良好的工作态度。。福利待遇,"['100', '499']"
216,北京万维盈创科技发展有限公司,仪器仪表,数据分析师,['8-15k·12薪'],['北京-昌平区'],['本科及以上'],['2年以上'],2020年04月03日,1.参与建立数据抽取方案、数据清洗方案、搭建数据分析环境；2.参与数据抽取、数据清洗、分析模型设计、数据分析工作；3.使用相关BI软件实现数据可视化；4.技术支持工作，包括客户技术交流、客户培训等；5.负责数据分析标准方案、流程和业务规范的编制。,1.通讯、计算机、统计学、数学相关专业，本科学历；2.有环保、水利等监测行业软件公司工作经历；3.有软件开发经验，参与过完整的数据分析项目，并独立负责某项业务工作，有专长；4.对数据敏感度高，对数据分析工作有爱好和热情，学习能力强；5.思维敏捷 、有独立的思考能力，能快速理解业务意图；6.有团结协作精神和良好的工作态度。。福利待遇,"['100', '499']"
217,京东商城,互联网/移动互联网/电子商务,数据分析师岗（经分）,['面议'],['北京-大兴区'],['统招本科'],['2年以上'],2020年04月03日,1、负责事业部数据指标体系、报表体系的搭建、优化和管理；2、数据源梳理、数据验证，建立数据模型表；3、日常自动化报表开发，维护，推进产品化；4、满足临时数据需求，专项数据分析；,1、 计算机或统计相关专业，本科及以上学历；2、 能熟练运用SQL查询和提取数据，有较好的SQL性能调优经验；3、 熟悉不限于Mysql、Hive、Presto、等分布式SQL交互式查询引擎语法的细微差别，了解mapreduce运行原理；4、了解大数据技术栈，包括不限于Hadoop，Hive，Spark等5、 具有较强的逻辑思维能力、学习能力、沟通能力和理解能力，抗压，具有团队合作精神,['10000']
218,演绎科技,影视/媒体/艺术/文化/出版,产品经理（数据分析及应用）,['15-25k·12薪'],['北京-朝阳区'],['统招本科'],['2年以上'],2020年04月03日,1、负责公司、行业、舆情等数据研究分析类型产品的需求分析、原型设计，协助推进产品的开发、运营和迭代；2、与市场和运营达成对需求的一致理解，基于业务数据的统计、分析等报表输出及数据可视化的产品原型设计，保证数据的逻辑一致性，为业务决策提供数据支撑；3、对产品上线后的效果负责，通过监控重点数据、主动发现问题，与市场和运营部门持续沟通，不断挖掘产品需求，推动业务持续改进。,"1、本科以上学历，数学、计算机专业优先；2、2年以上互联网数据分析/产品设计相关经验，侧重数据分析及应用类型的产品，熟练使用 Axure, Teambition  等工具；3、熟悉国内外主流 BI 工具，熟练使用 Tableau 等工具；4、有较强的面向业务的数据架构能力，有较强的数据驱动力和敏感性，逻辑思维清晰缜密；5、有较强的责任心和事业心，思路清晰，抗压性强，良好的沟通能力，具有团队合作精神；6、有大数据工作背景，有相关业务系统开发经验优先。","['1', '49']"
219,京东,互联网/移动互联网/电子商务,数据分析师,['面议'],['北京-朝阳区'],['统招本科'],['3年以上'],2020年04月03日,	以数据技术和数据分析方法为基础，为品牌商赋能提供分析支撑	在项目有运营和落地场景的情况下，必要时创造运营场景，并负责运营分析，通过数据分析指导资源投放、人货匹配等逻辑的落地和优化，对运营效果负责。	基于数据和业务场景，在方法和业务模式上做出一定程度的创新，并形成实验方案，对技术和方法做持续优化。	在数据分析和探索性分析中，可以沉淀落地的数据和模型，做出工程化落地，以期保证数据和模型最大程度的复用性。	为团队沉淀数据分析方向的知识和方法论,	3年以上数据分析经验，有一定数据工程能力	深入掌握数理统计分析专业知识，具备良好的数据敏感度，能从海量数据中提炼核心结果，具备数据库、数据模型、数据开发等基础知识，具备平台化、体系化思维。精通SQL、Python、EDW等技术和方法论。	能基于大量维度的数据进行综合提炼，输出能影响管理决策的数据分析结论及建议，具备提供整体的数据分析解决方案的能力。精通R、SPSS等分析挖掘工具的一种，精通杜邦分析、归因分析法等常用的数据分析方法论。	具备端到端解决问题的思路、方法和技术，可以侧重于某几个关键能力，但需要对整体技术和业务链路都有涉猎和思路。,['10000']
220,树根互联技术有限公司,计算机软件,试验数据分析业务专家(J10642),['面议'],['北京-西北旺'],['统招本科'],['5年以上'],2020年04月03日,1.	负责工业试验大数据相关的售前支持和项目交付支持，解决方案讲解工作，收集、分析、挖掘，引导客户需求；2.	负责配合产品研发、实施交付、售后服务等团队，完成客户需求沟通、产品特性讨论和系统功能设计改进等项目生命周期的相关工作；3.	洞察工业试验业务价值，能够引导客户利用机器学习技术解决实际业务问题，给出建议并推动决策；4.	与技术团队密切配合，负责项目管理，推动产品落地；5.	工业试验领域生态体系建设工作。,1.	985/211院校本科及以上学历，数学、计算机等相关专业优先。信息化管理、计算机科学与技术、软件工程、网络安全、机械工程、自动化、电子工程等相关专业；2.	2年以上数据挖掘相关经验，有工业大数据应用经验优先，熟悉工业试验分析软件经验优先；3.	熟悉交付流程，以及潜在风险和预防措施；4.	善于解决和分析问题，对新技术有热情、愿意接受挑战、有创新意识和产品落地能力；5.	良好的项目管理、沟通协调、团队协作和写作能力；6.	有较强的抗压能力。,"['500', '999']"
221,米可世界,社交网络,数据分析工程师,['面议'],['北京'],['统招本科'],['2年以上'],2020年04月03日,1、深入理解公司业务，不断优化数据指标埋点及评价体系，输出数据报告，并对异常波动进行分析；2、推进业务增长，不断发掘薄弱环节，为产品及运营提供优化和改善方案，并监控优化效果；3、推动数据可视化、系统化，负责数据系统建设； ,1、3年左右数据及数据分析相关经验，统计、数学、计算机等相关专业优先；2、良好的分析能力和逻辑思维，具备条理性、数据敏感性；3、主动思考，责任心强，执行力高，有团队意识；加分项,"['100', '499']"
222,首创钜大有限公司,商业地产,数据分析运营,['10-20k·12薪'],['北京-朝阳区'],['本科及以上'],['3年以上'],2020年04月03日,1、	负责公司财务数据管理，以数据管理员身份参与分析系统建设、新功能开 发、系统升级等工作，保证数据信息完整，进一步提高数据质量；2、	负责财务数据特征体系建设，包括,财务数据、业务数据及相关 外部大数据等；3、	负责与财务管理中心、各项目沟通，监督公司会员数据质量、主数据、元 数据等管理规范落地实施，数据模型开发，内部培训、上线运行。任职要求,"['500', '999']"
223,首创钜大有限公司,商业地产,会员及全渠道数据分析岗,['10-20k·12薪'],['北京-建外大街'],['统招本科'],['3年以上'],2020年04月03日,1、	负责公司会员及全渠道数据管理，以数据管理员身份参与分析系统建设、 新功能开发、系统升级等工作，保证数据信息完整，进一步提高数据质量；2、	负责会员及全渠道数据特征体系建设，包括,业务数据、泛会员 行为数据、互联网爬得数据及相关外部大数据等；3、	负责首创钜大泛会员营销体系数据模型的研发和优化，包括但不限于,"['500', '999']"
224,汽车之家,社交网络,数据分析师,['20-30k·16薪'],['北京'],['本科及以上'],['3年以上'],2020年04月03日,1、负责业务运营数据分析，多维度、多模型地全面刻画业务数据状态，编制分析报告，提出业务管理的改进建议；2、与各业务团队对接，完成相关的数据分析需求，并构建数据分析体系，推动数据平台化；3、结合行业数据和市场趋势，定期针对业务及行业发展输出分析报告；4、具有独立承担复杂分析任务的能力，支持各方不定期的数据相关需求；,1、本科及以上学历，统计、数学、计算机、相关专业，3年以上数据分析相关工作经验；2、熟练使用Hive、SQLsever、Excel、PPT、Xmind、Tableau等工具；3、熟练编写各类业务需求分析、数据分析文档，文档的样式整洁、描述清晰、完整的覆盖分析要求；4、好奇心强，求知欲强，有钻研探索精神，对数据分析有强烈兴趣者优先，能将重复的工作自动化；5、至少熟练掌握SPSS、R、Python等一种工具或语言；,"['2000', '5000']"
225,阿芙精油,电子商务,数据分析专员(J10051),['10-20k·12薪'],['北京-朝阳区'],['统招本科'],['3年以上'],2020年04月03日,1、为电商运营团队提供数据分析支持；2、负责业务数据收集整理，对多种数据源的进行深度组合分析、挖掘、深度分析和建模，对相关数据进行深度挖掘分析；3、对公司内部数据业务的运营进行评估和建议，从数据的角度推动公司内部流程管理，数据质量优化和数据库迭代建设 ；4、深入理解业务，发现业务特征，进行衍生数据价值挖掘支持；5、了解各大电子商务平台，能够整合各个运营团队的数据，并进行统一整理输出。,1、全日制高校本科以上学历，应用数学、统计学或相关专业；2、5年（含）以上数据分析经验，有过海量数据分析经验；3、具备良好的沟通能力和表达能力，有独立开展数据调研、数据分析、报告编写的经验；4、热爱数据分析工作，能有至少一种数据业务架构设计的经验，善思考、逻辑思维能力强；5、对数据驱动业务有深入理解，对数据与业务方面有足够敏感性，有较强的逻辑分析能力，有较强的独立思考能力。,"['100', '499']"
226,CMGE中手游,游戏产业,数据分析,['10-18k·12薪'],['北京-朝阳区'],['本科及以上'],['2年以上'],2020年04月03日,1、负责游戏运营数据分析，维护游戏运营指标体系，对各个业务线开展数据分析，撰写数据分析报告等工作；2、完善公司数据分析平台，提出新的数据指标以及完善原有指标；3、负责公司运营监控报表体系的日常维护，包括数据更新，指标解读，异常分析等，监控业绩达成情况；4、理解公司重点关注工作，收集部门的数据需求，并建立分析报表；5、深入业务，理解业务逻辑，根据业务阶段性调整给出数据建议；,1、数学、统计学、数量经济学、计算机等相关专业，大专及以上学历；2、手游行业从业2年以上，有相关的数据分析经验优先；3、熟练操作EXCEL（常规函数、数据透视表等），熟练撰写分析报告；4、掌握SAS/SPSS/R等分析工具优先，熟悉统计分析、数据挖掘相关算法；5、对游戏产品有自己深入思考和洞察，有独立的数据分析能力，能够基于数据区分需求优先级，并且快速提升数据表现。,"['1000', '2000']"
227,美团点评,互联网/移动互联网/电子商务,服务体验部-高级数据分析师,['17-30k·15薪'],['北京'],['统招本科'],['5年以上'],2020年04月03日,●	依托业务流程关键节点，梳理核心指标并逐层拆解，建立指标分析体系，明确分析维度；●	通过日常数据指标监控，发现问题并给予优化建议；●	挖掘业务机会，预警潜在风险，完成分析报告并及时输出，为管理层提供决策支持及建议；●	针对业务，通过深度分析进行数据价值挖掘，提供业务策略支持；●	配合各业务部门项目，给予数据支持，从多种数据源组合数据进行深度诊断分析，完成业务专题分析，输出核心业务报告。,●	统招本科及以上学历，5年以上互联网行业商业分析、数据分析工作经验；●	优秀的数据分析能力及结构化思维，敏锐的数据洞察力；●	具备良好的沟通协调能力，学习能力，成就驱动，具有团队合作精神，诚实正直；●	熟练掌握常见数据分析工具，具备复杂数据提炼和呈现能力，掌握撰写数据分析报告技能。,['10000']
228,新东方教育科技集团有限公司,教育/培训/学术/科研/院校,商业数据分析,['10-20k·15薪'],['北京'],['统招本科'],['3年以上'],2020年04月03日,,,['10000']
229,北京金羊泰和投资咨询有限公司,租赁服务,终端数据分析员,['6-8k·12薪'],['北京'],['本科及以上'],['经验不限'],2020年04月03日,1、负责公司相关业务的数据统计分析；2、构建并维护全面的、准确的能反映出业务特征的整体指标体系，及时发现并定位业务问题；3、负责公司小程序及微信公众号的维护及相关事项；4、负责公司投标项目以及相关投标信息的收集、筛选、跟进；5、负责投标文件的编制、上传、整体投标文件的排版、打印、盖章、装订等相关工作，确保投标文件按时投递；6、协助公司各类文案的起草。,1、管理学、金融学、法律、计算机、财务等相关专业本科及以上学历者；2、具有较强的文字功底；3、能够熟练运用办公常用软件（如word 、excel、PPT等）；4、形象好、气质佳，具有较强责任心和沟通能力，工作态度积极主动；5、具有两年以上相关经验者优先，优秀应届毕业生亦可。,"['1', '49']"
230,广州数说故事信息科技有限公司,互联网/移动互联网/电子商务,商业数据分析经理,['面议'],['北京-国贸'],['本科及以上'],['5年以上'],2020年04月03日,1、带领团队服务制造、快消、汽车、零售等行业知名大客户，负责需求沟通、研究方案设计、项目管理和最终交付；2、基于需求理解，整合使用大数据和分析工具完成深度洞察的商业分析报告，为客户提供切实可行的商业建议；3、总结沉淀项目经验，设计商业解决方案，并驱动内部分析产品的研发与优化；4、管理和培养分析师团队，制定团队管理与工作计划，完成团队KPI。,1、了解制造、快消、互联网、零售等行业，有极强的商业sense和数据sense，善于利用数据挖掘商业价值，帮助企业解答商业问题；2、熟练掌握各类研究方法，思维逻辑严密，搭建清晰的研究框架，能针对数据分析结论提出有指导意义的商业建议；3、优秀的沟通协调能力，抗压性强，自我驱动力强，结果导向；4、5年以上相关工作经验，其中2年以上团队管理经验，优秀者可适当放宽；5、大学本科或以上学历，商科、数学、统计、计算机等相关专业优先； 6、有互联网数据分析、市场研究、咨询行业背景者优先。,"['100', '499']"
231,欢聚集团,互联网/移动互联网/电子商务,数据分析专家 (MJ002629),['20-40k·13薪'],['北京-海淀区'],['本科及以上'],['5年以上'],2020年04月03日,1、深度洞察短视频行业和产品，并进行深入细致的行业分析，为公司业务提供分析支持。2、商业嗅觉灵敏，善于沟通，能够深入了解业务、挖掘业务问题和痛点，通过数据分析为业务决策、产品方向、运营策略、算法策略、以及产品功能的现存问题，并提出有价值的落地策略3、有较强的业务sense，迅速定位到业务问题并提出有价值的改进意见,1、本科及以上学历，计算机或统计、数学相关专业优先；2、具有一二线行业互联网工作经验，有较强的信息流产品理解优先3、具备良好的数据敏感性，熟练使用SQL，并了解R，Python，SAS等至少一门分析建模语言4、有较强的自驱及驱动他人的能力，有带领团队管理经验和跨部门经验,"['2000', '5000']"
232,指数资本 Index Capital,证券,数据分析师,['12-20k·12薪'],['北京-大望路'],['本科及以上'],['1年以上'],2020年04月03日,1、深度研究案例模型，推演客户战略规划，构建业务模型、财务模型和估值模型；2、深度参与融资服务中财务尽职调查相关工作，给予结论及建议；3、解决融资服务过程中的其他数据相关事宜；4、采集相关案例及行业数据，编制数据库。,1、本科及以上学历，985院校优先；2、投行、金融、券商、四大、咨询实习或工作背景优先；3、极强的学习能力、研究分析能力，严谨的逻辑思维能力和良好的沟通能力；4、对TMT和一级市场有浓厚的兴趣。,"['50', '99']"
233,百融云创科技股份有限公司,金融科技,高级数据分析师（北京） (MJ000047),['面议'],['北京-朝阳区'],['硕士及以上'],['2年以上'],2020年04月03日,1.完成数据测试及匹配结果分析工作；2.使用建模工具进行信用模型及反欺诈模型开发，包括数据准备.建模及数据分析.模型的选取与优化.模型验证等工作；3.对海量业务数据进行分析，深度挖掘内部数据，构建风控指标体系并具备开发特征库及解释相应衍生变量.规则的能力；4.熟悉风控审批.额度.定价策略的制定方法及相应建模流程；5.针对不同金融机构和业务给出相应的风控建模方案，向客户进行阐释并参与实施；6.针对客户痛点进行业务引导并提供技术支持；7.具备探索新业务场景的能力与热情，对于知识与技术向新场景迁移和应用有独立的见解。,1.两年以上相关领域工作经验，统计.数学.计算机.金融工程等相关专业硕士及以上学历，有较好数学或代码基础者优先；2.至少能熟练运用SAS.R.Python中的一种进行数据分析或建模，熟练掌握数据库操作（如SQL语句）；3.掌握逻辑回归.决策树.机器学习等算法，了解算法的原理；4.具备独立思考的能力，逻辑严谨，对数据敏感，善于发现.探索并解决问题，自我驱动力强；5.有较强的责任心及抗压能力；6.有建模大赛经验优先；7.同等条件下表达能力强者优先。,"['500', '999']"
234,新东方教育科技集团有限公司,教育/培训/学术/科研/院校,数据分析（财务方向）,['10-15k·15薪'],['北京'],['本科及以上'],['2年以上'],2020年04月03日,1. 完善公司经营分析体系设计，形成定期分析报告；2. 结合公司经营情况变化，定期撰写财务分析报告及专题报告；3. 协助校区租赁预测方案中统计描述分析部分撰写；4. 其他临时性分析工作。,1、本科以上学历，2年以上数据分析相关工作经验，统计学、经济、财务、金融类专业优先，互联网运营分析或教育行业分析相关经验者优先；2、具有定期分析报告撰写相关经验；3、熟练使用Excel和数据处理，会使用SQL、R等语言者优先；4、良好的学习能力、沟通能力、独立的分析判断能力，具有团队配合理念；5、积极进取，乐观向上，责任心强，追求卓越。,['10000']
235,58同城,互联网/移动互联网/电子商务,数据分析建模师(J14857),['面议'],['北京-酒仙桥'],['统招本科'],['2年以上'],2020年04月03日,1、有较强的数据敏感性、逻辑思维能力及沟通表达能力，快速的业务理解和学习能力；2、深度挖掘大数据服务平台需求，完成大数据服务平台产品、数据指标建设应用产品、用户画像/智能推荐方向产品规划与设计；3、有一定算法基础，参与智能化项目数据分析工作，如对数据进行加工，挖掘数据指标间关联信息，并通过产品化形式反馈业务，指导业务决策；4、完成产品的策划、原型、流程和交互设计，跟踪项目进度，协调资源推动产品迭代开发，确保按时高质量发布；5、与跨部门团队密切合作，保证数据中台类产品能与各系统顺利集成。,1、本科及以上学历，数学、统计、计算机、计量经济、数据挖掘、物理等理科专业，3年以上数据分析或数据分析产品设计工作经验2、具备至少两年以上数据建模经验，做过推荐系统或有互联网金融、电商背景优先；3、熟练使用MySQL，Oracle的查询功能，R、SAS、Python 精通一种或以上；4、对常见分析方法或算法有一定理解，含LR，SVM，Ensembled Tree， Simple Bayes，ANN，K-Means，Association Rules，IV，Chisquare，entropy 等。,['10000']
236,kappa,服装服饰/纺织/皮革,数据分析专员,['6-9k·14薪'],['北京-大兴区'],['本科及以上'],['1年以上'],2020年04月03日,1、 根据业务要求进行数据库建设，完成日常业务以及指标达成等工具化呈现；2、 以业务的角度建立定量分析模型，协助完成针对进、销、存及其他业务纬度的数据监控、分析；3、 对每日、周、月的数据进行业务数据的监控、清洗、整理、分析、定期出具分析报告；4、 对部门内提出的数据需求给予支持。,1、计算机、数学、统计相关专业；2、熟练使用EXCEL、ACCESS、SQL，了解PYTHON；3、 了解数据分析的基本方法，具备较强的数据分析、归纳能力；4、 能熟练运用统计分析方法更佳；5、做事严谨、细致、执行力强，抗压能力强，具备较强的团队合作精神；6、能适应出差。,"['500', '999']"
237,北京美住必成科技有限公司,O2O服务,数据分析经理,['15-30k·15薪'],['北京-朝阳区'],['本科及以上'],['5年以上'],2020年04月03日,1、深入了解业务，构建业务指标体系，日常数据整理、统计处理、报表的维护；2、业务相关数据细化分析，针对各项不定期业务需求，能够独立完成专题统计分析，输出专项分析报告，为业务决策提供数据支持；3、及时发现和反馈业务系统中出现的问题，并协助相关人员进行解决；4、持续完善各项业务数据的统计模型，对系统化数据报表提出合理优化建议。 ,1、全日制本科及以上学历（统计、数学专业优先）；2、有5年以上的数据分析经验，住宿或酒店行业经验优先考虑；3、了解基本数据处理、分析流程，并熟练使用excel，熟练使用SQL、Hive，了解BI报表开发；4、具备良好的逻辑思维能力、快速学习能力、团队合作的能力和跨部门沟通能力；5、为人正直，积极主动，能够独当一面。,"['1000', '2000']"
238,京东商城,互联网/移动互联网/电子商务,用户与数据分析岗,['面议'],['北京-大兴区'],['本科及以上'],['2年以上'],2020年04月03日,1. 对手机行业研究和趋势分析，对数据进行整合、分析处理，梳理数据价值2. 对京东大数据进行研究，挖掘手机产品机会，为产品规划输入信息；3. 对手机品类的用户人群划分、画像分析，利用人群特征提取用户痛点和喜好,1、大学本科以上，统计学、计算机相关专业；2、有大数据公司或市场调研公司工作经历者优先，应届硕士毕业生也可3、精通PPT，excel，python，SQL等大数据工具,['10000']
239,北京自如生活企业管理有限公司,O2O服务,数据分析师（品质线）,['面议'],['北京-朝阳区'],['统招本科'],['3年以上'],2020年04月03日,1、根据品质线业务逻辑，建立并优化核心指标体系，帮助定位业务问题的关键因素；2、能从多维度且跨部门进行业务指标运营分析，通过数据驱动品质业务提升，高效解决品质线实际业务问题；3、规划品质线数据看板，梳理数据监控目标和统计口径，推动线上化实时看板搭建；4、根据日常数据挖掘及洞察，高效高质输出周度、月度品质分析报告，辅助管理层决策；5、根据部门需求，统筹专项数据分析，输出分析报告及决策意见。,1、统招本科以上学历，具备3年以上数据分析领域的经验，统计、经济学、社会学或相关专业；2、具有良好的业务理解能力和逻辑拆解能力，对解决有挑战性的问题充满热情；3、具备较强的独立解决问题能力、抗压能力及沟通能力，能够和职能、业务团队保持高效沟通；4、熟练掌握Spss，SQL，熟悉powerBI或tableau等可视化工具，了解Python/R等建模语言；5、熟悉基本的机器学习算法，具有应用模型算法进行典型数据挖掘课题（预测、回归、聚类等）研究的相关经验者优先。,['10000']
240,京东商城,互联网/移动互联网/电子商务,供应链数据分析岗（消费品),['11-17k·12薪'],['北京-大兴区'],['本科及以上'],['3年以上'],2020年04月03日,1、负责品类整体库存数据分析，对库存现状进行解读，寻找库存管理机会，并输出专题分析报告； 2、跟踪业务数据，监控数据波动和异常，通过数据分析发现业务问题和机会点，为业务及供应链改进提供建议； 3、跨部门协调和沟通，收集、反馈并解决业务数据等相关问题； 4、部门及其他的数据分析工作；,1、全日制本科及以上；统计学，应用数学、信息科技等相关专业优先 2、有3-5年数据工作经验；  3、熟练使用Excel和SQL等数据分析工具；  4、逻辑分析能力强，有极强的数据敏感度、数据分析和提炼归纳的能力； 5、具备较强的学习能力以及抗压能力、优秀的沟通能力，良好的团队合作精神,['10000']
241,四川长虹佳华信息产品有限责任公司,IT服务/系统集成,大数据分析师,['面议'],['北京-科技园区'],['统招本科'],['2年以上'],2020年04月03日,1、结合现有系统数据和数据仓库数据进行业务数据分析建模，改善管理效率；2、配合公司的互联网战略转型计划，基于数据工作视角提供转型方案设计建议；3、全流程参与公司数据中台的搭建；4、未来在数据中台上进行机器学习/智慧商业功能的开发。,1、重点大学数学，统计学，计算机相关专业本科以上学历；2、有互联网公司运营管理分析经验，了解互联网公司商业模式原理；3、熟悉数据分析建模的常用方法，有相关工作经验；4、熟练使用SQL/Excel，R/Python等专业分析工具至少熟悉一种；5、思路敏捷，逻辑清晰，有独立思考能力，喜欢创新性工作；6、了解数据中台的概念或有相关工作经验者优先。,"['1000', '2000']"
242,同方股份计算机与多媒体产业本部,计算机硬件/网络设备,数据分析师（销售管理方向）,['8-15k·12薪'],['北京-五道口'],['本科及以上'],['1年以上'],2020年04月03日,1、围绕公司经营目标，细分销售任务，制定销售团队、销售人员的销售指标； 2、将销售计划转化为,检查销售计划完成情况，发现问题及时处理，支持和激励每一个销售人员完成销售指标；3、建立销售体系的数据分析体系，对销售业绩进行数据分析、总结、完成周、月度、季度等相关专题分析报告，为决策层提供决策依据；4、领导临时性的业务分析及销售业务支持工作。任职资格,['10000']
243,猎聘,互联网招聘,商业数据分析师（产品方向）,['面议'],['北京'],['本科及以上'],['3年以上'],2020年04月03日,1、负责公司多产品模块的数据分析支持，支撑产品线业务；2、负责产品模块下的数据分析体系建设；3、负责产品模块下业务逻辑和底层数据的梳理和维护；4、负责产品模块下数据产品的设计和维护。,1、三年以上大中型企业业务/商业数据分析相关工作经验；2、参与过两个以上大型数据分析研究项目；3、熟练掌握SQL语言，熟悉MYSQL、hive等至少一种数据库；4、有较强的沟通能力、逻辑思维和好奇心；5、可以主动发掘业务问题，并提出对业务的独立见解；6、本科（含）以上学历，商科、咨询背景优先。,"['2000', '5000']"
244,猎聘,互联网招聘,商业数据分析师,['面议'],['北京'],['本科及以上'],['3年以上'],2020年04月03日,1、负责产品模块的数据分析支持；2、负责产品模块下的数据分析体系建设；3、负责产品模块下业务逻辑和底层数据的梳理和维护；4、负责产品模块下数据产品的设计和维护。,1、三年以上大中型企业业务/商业数据分析相关工作经验；2、参与过两个以上大型数据分析研究项目；3、熟练掌握SQL语言，熟悉MYSQL、hive等至少一种数据库；4、有较强的沟通能力、思维能力和好奇心；5、可以主动发掘业务问题，并提出对业务的独立见解；6、本科（含）以上学历，商科、咨询背景优先，985/211院校优先。,"['2000', '5000']"
245,北京自如生活企业管理有限公司,O2O服务,数据分析师,['9-15k·15薪'],['北京-朝阳区'],['统招本科'],['1年以上'],2020年04月03日,1、	根据业务逻辑进行核心指标体系的梳理，支撑核心指标中长期变化的归因，帮助定位业务增长的关键驱动因素；2、	能从多维度进行业务指标运营分析，指导和支持公司业务发展，高效解决实际业务问题；3、规划重要业务指标看板，梳理数据监控目标和统计口径，推动生产数据报表化；4、负责定向的数据分析项目，输出优化建议及方案。,1、统招本科以上学历，具备2年以上数据分析领域的经验，统计、经济学、社会学或相关专业；2、具有良好的业务理解能力和逻辑拆解能力，对解决有挑战性的问题充满热情；3、沟通能力强，能够和职能、业务团队保持高效沟通；4、熟练掌握SQL，熟悉powerBI或tableau等可视化工具，了解Python/R等建模语言；5、熟悉基本的机器学习算法，具有应用模型算法进行典型数据挖掘课题（预测、回归、聚类等）研究的相关经验者优先。,['10000']
246,益博睿信息技术,IT服务/系统集成,Senior Data Modeler 高级数据分析师,['面议'],['北京-酒仙桥'],['本科及以上'],['3年以上'],2020年04月03日,,,"['100', '499']"
247,四川长虹佳华信息产品有限责任公司,IT服务/系统集成,商业数据分析师,['面议'],['北京-丰台区'],['统招本科'],['3年以上'],2020年04月03日,1、结合现有系统数据和数据仓库数据进行业务数据分析建模，改善管理效率；2、配合公司的互联网战略转型计划，基于数据工作视角提供转型方案设计建议；3、全流程参与公司数据中台的搭建；4、未来在数据中台上进行机器学习/智慧商业功能的开发。,1、重点大学数学，统计学，计算机相关专业本科以上学历；2、有互联网公司运营管理分析经验，了解互联网公司商业模式原理；3、熟悉数据分析建模的常用方法，有相关工作经验；4、熟练使用SQL/Excel，R/Python等专业分析工具至少熟悉一种；5、思路敏捷，逻辑清晰，有独立思考能力，喜欢创新性工作；6、了解数据中台的概念或有相关工作经验者优先。,"['1000', '2000']"
248,上海浦东发展银行股份有限公司北京分行(简称:上海浦东发展银行北京分行),银行,零售银行数据分析岗,['25-35k·12薪'],['北京'],['本科及以上'],['3年以上'],2020年04月03日,基于本行零售业务业务发展和管理需求，业务经营现状及行业发展趋势，通过提炼数据产品需求，构建数据模型，沉淀分析思路与框架，逐步建立数据分析体系。对本行零售业务的运营管理及经营发展提供决策支持。同时，基于业务监控指标体系，及时发现业务问题。,1. 负责本行零售业务数据的汇总与分析，编制公司月、季、年度经营分析报告；2. 根据本行零售业务发展的需要，开展相关专题的数据挖掘与研究，并形成研究分析报告；3.完善本行零售业务指标体系，优化业务流程，提升业务转化效率，为产品、运营、市场和销售等的优化提供数据支持。岗位要求,[]
249,易智瑞(中国)信息技术有限公司,计算机软件,高级数据分析师,['15-25k·12薪'],['北京-柳芳'],['本科及以上'],['3年以上'],2020年04月03日,,,"['100', '499']"
250,TalkingData,互联网/移动互联网/电子商务,高级数据分析师（数据经理）(J10346),['20-30k·12薪'],['北京'],['本科及以上'],['4年以上'],2020年04月03日,a）岗位职责1、负责数据产品的设计；2、规划业务领域主题模型，与业务沟通并管理数据需求；3、参与数据仓库支持工具设计；4、面向数据应用于数据治理的数据分析与数据探索；,b）任职要求1、本科及以上学历，5-10年数据分析经验；2、深入理解数据仓库建设和业务建模理论，掌握E-R模式和Kimball维度模型设计；3、熟悉OLAP和OLTP技术，能进行SQL优化，进行ETL开发；4、有大规模数据处理的实践经验；,"['500', '999']"
251,清华大学天津电子信息研究院,电子技术/半导体/集成电路,大数据分析工程师,['10-20k·12薪'],['北京'],['本科及以上'],['2年以上'],2020年04月03日,,,"['100', '499']"
252,TalkingData,互联网/移动互联网/电子商务,数据分析师(J10344),['15-25k·12薪'],['北京-东直门'],['本科及以上'],['2年以上'],2020年04月03日,1、基于对数据使用场景、流程的梳理，进行有效地数据探索；2、设计数据产品、产品生命周期的管理；3、撰写和维护数据产品的文档，如数据产品白皮书等；,1、本科及以上学历，1-3年数据分析经验，统计学、数学、经济学等相关经验；2、会使用sql及其他统计分析软件，如excel；3、良好的沟通表达，逻辑思维，团队协作能力；4、对数据敏感，有良好的数据分析意识，工作积极主动，乐于面临挑战；,"['500', '999']"
253,美团点评,互联网/移动互联网/电子商务,数据分析师,['面议'],['北京'],['本科及以上'],['3年以上'],2020年04月03日,1.	建立基于地方政府事务的数据指标体系；2.	基于业务关注重点，对地方政府事务数据指标进行整合，定期生成数据周报/月报，动态发现问题，并进行归因；3.	深入业务，就海量数据相关内容深入分析、建模、挖掘，提供有价值的业务洞察、剖析报告，给出策略建议；4.	不断研究和探索业内前沿话题和相关数据指标；5.	有能力将数据分析产品化、线上化，为战略分析提供抓手。,1.	统计、数学、信息技术相关专业硕士以上学历，2年以上相关工作经验；2.	良好的分析工具使用经验；3.	良好的数据敏感度，能从海量数据提炼核心结果；有丰富的数据分析、挖掘、清洗和建模的经验； 4.	热爱数据分析工作，诚实正直、责任心强，出色的执行和沟通能力，能承受较大的工作压力；5.	熟练掌握统计理论，以及常用数据分析挖掘方法，如,['10000']
254,真有两把刷子(北京)科技有限公司,O2O服务,BI数据分析师,['20-30k·13薪'],['北京'],['本科及以上'],['3年以上'],2020年04月03日,1、基于用户历史数据模型，发掘有效的用户场景，构建行为规律模型2、个性化会员服务模型的数据分析和定价测算3、针对产品和运营关注的问题，通过数据分析提供决策支持,1、35岁以下，本科及以上学历，理工科背景，统计学、数学、运筹学等专业优先2、熟练掌握SQL等数据查询语言，对数据库的相关知识有一定了解3、3年或以上互联网数据分析经验，大厂优先4、有电商类用户产品分析经验者优先5、良好的业务数据分析视角，擅长从业务问题中抽离数据模型6、逻辑清晰，团队协作和沟通能力强,"['100', '499']"
255,车好多集团,O2O服务,商业数据分析师13301,['20-30k·13薪'],['北京'],['本科及以上'],['3年以上'],2020年04月03日,1.   对接业务线需求，对需求进行梳理，对业务问题进行深度诊断性组合分析、挖掘、深度分析，并给出建议；2.   沉淀分析思路与框架，提炼数据产品需求，与相关团队（如技术开发团队） 协作并推动数据产品的落地 ；3.   与相关团队协作进行数据建模工作，推动业务部门的数据化运营 。,1.   统计、数学，计算机相关专业统招本科及以上学历， 至少3年相关工作经验  ；2.  熟练SQL，熟练使用EXCEL处理、分析数据，能够独立撰写分析报告；3.   有数据建模、数据运营、数据产品规划经验，互联网工作背景优先；4.   有较强的逻辑推理能力，善于从商业角度解读数据；5.   熟练独立编写商业数据分析报告，及时发现和分析其中隐含的变化和问题；,['10000']
256,北京海彼网络科技有限公司,游戏发行,游戏数据分析师,['15-30k·15薪'],['北京-朝阳区'],['统招本科'],['2年以上'],2020年04月03日,1、通过数据分析对游戏运营提供数据支撑，达成任务目标，并通过总结与改进，不断提升产品数据，实现精细化运营目的；2、构建并完善游戏项目运营数据分析体系，优化数据维度提升数据平台的使用效率，为日常游戏业务相关的提供数据支持；3、针对游戏项目进行专项数据分析，包括并不限于用户价值、流失、游戏生态、活动版本效果等，综合评估并输出报告；4、通过数据挖掘和探索分析用户行为数据（如用画像分析，用户生态等）、游戏数值设计合理性等信息，根据分析结果，推动协调研发调整、运营方向、内容规划、资源投放等关键内容；,"1、本科以上学历，数学、统计学、计算机等相关专业；2、3年以上工作经验，至少2年以上从事游戏数据分析工作，对数据分析感兴趣；3、拥有手游完整项目数据分析经验，对游戏有深刻体验，对主流游戏的核心玩法、商业化设计，经济系统、社交系统等，都有一定的了解；4、有成熟的数据分析经验,熟练掌握和使用excel，至少熟练掌握一种查询工具（SQL、hive），至少掌握一种分析工具（SPSS、R语言、SAS等）；5、工作细致耐心、积极主动，有强烈的责任感，有较好的ppt报告撰写能力；","['50', '99']"
257,58同城,互联网/移动互联网/电子商务,高级数据分析师(J12211),['面议'],['北京-朝阳区'],['统招本科'],['3年以上'],2020年04月03日,1、结合集团各业务推进的实际情况，研究业务相关行业的发展趋势、竞争格局、新技术新产品、市场动态等；根据研究情况提出业务发展的有关建议； 2、构建资讯管理机制，建立健全信息共享制度和流程；3、配合各业务单元开展行业和竞争分析，提出有关策略和建议；,1、本科及以上学历，3年以上互联网数据分析经验，具有行业分析经验优先；2、掌握基本分析模式与工具，具体优秀的推动能力与沟通能力；3、有过房产、招聘、汽车、本地服务等互联网相关方向统计、情报分析、竞争分析经验优先。,['10000']
258,美团点评,互联网/移动互联网/电子商务,数据分析专家,['面议'],['北京'],['本科及以上'],['5年以上'],2020年04月03日,1.	建立基于地方政府事务的数据指标体系；2.	基于业务关注重点，对地方政府事务数据指标进行整合，定期生成数据周报/月报，动态发现问题，并进行归因；3.	深入业务，就海量数据相关内容深入分析、建模、挖掘，提供有价值的业务洞察、剖析报告，给出策略建议；4.	不断研究和探索业内前沿话题和相关数据指标；5.	有能力将数据分析产品化、线上化，为战略分析提供抓手。,1.	统计、数学、信息技术相关专业硕士以上学历，2年以上相关工作经验；2.	良好的分析工具使用经验；3.	良好的数据敏感度，能从海量数据提炼核心结果；有丰富的数据分析、挖掘、清洗和建模的经验； 4.	热爱数据分析工作，诚实正直、责任心强，出色的执行和沟通能力，能承受较大的工作压力；5.	熟练掌握统计理论，以及常用数据分析挖掘方法，如,['10000']
259,中建材信息技术股份有限公司,IT服务/系统集成,数据分析师,['35-65k·12薪'],['北京-西直门'],['本科及以上'],['5年以上'],2020年04月03日,1、深刻理解业务，根据业务模式搭建和完善、科学的数据分析体系与指标体系；2. 深刻理解财务模型，能从财务角度分析业务。3、就具体业务专题，构建商业分析框架，进行全维度的商业分析，并完成商业分析报告，为公司战略/决策/策略提供分析支持；4、针对应用场景，建立数据产出、评估、应用规则，并不断修正逻辑；5、通过数据监控能快速精准的发现问题，并通过深入分析与业务部门沟通解决；6、根据业务形态和分析，逐渐积累可供业务产品使用的数据模型逻辑，组织跨部门协调沟通，推进产品实施，确保产品不断完善；7、通过各类渠道获取市场/行业/竟对信息，利用数据分析和解读的能力，对业务做出合理的判断和趋势性的预判,1、本科及以上学历，5年以上知名咨询公司经验；2、具备注册会计师资格或有5年以上相关经验3、优秀的商业分析的能力，具备敏锐的商业洞察力，对数据、业务和组织敏感；4、能够独立对业务问题进行研究分析，给出有深度的判断和可落地的解决方案，并有效沟通和推动相关团队落地；5、较强的系统思维能力、逻辑分析能力、书面表达能力、工作推动能力和沟通协调能力；思维开放，视野开阔。,"['500', '999']"
260,雪川食品河北公司,食品饮料,销售/市场数据分析,['8-10k·12薪'],['北京-展览路'],['本科及以上'],['经验不限'],2020年04月03日,1、协助领导完成公司整体经营绩效管理闭环和业绩考核依据，为公司经营决策提供数据支持；2、协助领导完成对业务部门的年度绩效管理和预算管理，包括经营结果KPI、发货额发货量月报表；3、根据业务需求，为业务端提供日常所需的数据报表，包含日、周、月报等数据，不断根据业务变化优化或开发新的报表，并保证数据的及时性及准确性； 4、通过日常数据的跟踪观察，及时发现业务端数据异常情况或预估将来可能遇到的问题，并和业务端沟通产生的原因或提出有效建议； 5、根据业务端的需求 ，数据准确，条理清晰，符合业务端需求，完成专项的数据分析报告；6、负责收集汇总外部各市场区域年度销售预算及月度需求计划，绘制订单准确率分析表；7、负责完成对各区域业绩执行过程的追踪、分析等相关工作，真实并及时反应业绩的完成情况，并定期反馈给领导报公司决策层；8、领导交办的其他工作。,1、全日制本科及以上学历，统计学、数学、数据分析等相关专业；2、有一定的财务工作背景，有快消品行业销售/市场数据分析工作经验者优先考虑；3、对数据敏感，较强的分析能力；4、熟悉SQL语言，熟练操作Excel，熟练使用1种以上数据分析和挖掘工具（如SPSS/Clementine、SAS/EM、R等）；5、有独立设计完成报表的能力。,"['500', '999']"
261,武汉小药药医药科技有限公司,电子商务,销售数据分析经理,['20-40k·12薪'],['北京-朝阳区'],['本科及以上'],['3年以上'],2020年04月03日,1、对业务有深刻理解，对于业务数据进行多维度分析挖掘，参与业务规划发展及落地，有业务逻辑框架分析能力和顶层业务数据设计思维，服务于业务团队协助业务团队做战略设计和推进业务落地，业务数据进行多维度分析挖掘，搭建业务分析体系。 2. 对竞品动向进行持续的追踪，收集行业和竞品的数据和信息，进行竞品横向对比，为业务拓展摸清市场情况。 3. 负责业务关键项目的测算预判及落地推动，对全国业务数据做系统的数据整理分析，对业务过程、结果管理有可落地的策略与方法，对薪酬绩效数据、激励数据、活动数据、项目数据有丰富的分析经验，对复杂业务问题进行研究分析，给出多维度的判断和可落地的整改策略等相关解决方案，并能高效沟通和推动业务团队落实  ,1. 具备2年以上相关业务数据分析管理工作或互联网公司战略规划、商业分析、医药行业研究分析相关经验。 2. 较强的沟通协调、快速学习能力，能够独当一面，高效推动落地，有跨部门项目管理经验者优先 3. 精通PPT和excel，有一定的SQL、SPSS、Python、R语言者4. 有较强的好奇心和钻研精神，目标导向，追求极致；热爱学习，独立思考，正直真诚,"['2000', '5000']"
262,TalkingData,互联网/移动互联网/电子商务,数据分析PM(J10329),['15-25k·12薪'],['北京'],['本科及以上'],['5年以上'],2020年04月03日,1.	负责数据合作项目的项目管理工作，协调公司内部资源和外部合作伙伴资源，实现数据合作，提升数据价值；2.	在项目实施过程中作为对接人与合作伙伴沟通，控制合作的进度及风险；3.	对公司内外部数据进行挖掘，在深入理解用户行为、产品特点的基础上，自主发掘课题，提出建议；4.	深入理解内、外部数据源，通过数据分析，制定数据合作方案，数据质量测试方案，数据合作运营方案等，跟进数据处理与分析的整个流程落地；5.	根据数据分析结果，撰写数据分析报告，展示数据质量情况及数据能力情况；6.	以定性及定量方法解决产品、运营中的数据问题；,1.	具有业务洞察能力、数字敏感性与逻辑思维能力、快速学习能力，对移动数据有较深入理解的优先；2.	有3年及以上互联网相关数据分析经验，负责过一个或以上大中型项目管理工作； 3.	计算机、数学、统计学等相关专业本科以上学历，5年及以上工作经验；4.	熟练使用SQL，Python或R等分析工具和办公软件，熟悉Hadoop/Spark/Hive/Storm等分布式计算架构;5.	2年以上项目管理经验，有PMP证书优先；,"['500', '999']"
263,京东商城,互联网/移动互联网/电子商务,数据分析,['面议'],['北京-大兴区'],['本科及以上'],['1年以上'],2020年04月03日,1、结合业务特点，挖掘业务需求及痛点，通过数据给业务提供策略支持；2、结合京东数据架构及特点，规划事业部数据服务生态，对业务进行抽象化与结构化，进行体系构建与结构建模；3、参与事业部内重点项目，在项目中对相关内容从数据角度进行论证与支持；4、数据流程及服务中自动化工具的构建；5、利用SQL等工具业务数据的提取支持工作。,1、熟练使用SQL等，有数据分析能力者优先；2、本科及以上学历，有3C类服务运营管理经验者优先；3、有较高的沟通及谈判能力；4、擅长流程制度及规则的搭建,['10000']
264,阳光保险集团,保险,数据分析师,['面议'],['北京'],['统招本科'],['经验不限'],2020年04月03日,1.根据业务需求，设计数据监测方案；2.测试&amp;校验数据监测方案部署的完整性&amp;准确性；3.收集&amp;统计数据并基于业务需求及自身对业务的理解，进行该业务的数据报表、报告设计&amp;建设，做好日常数据监控及问题分析；4.基于数据分析&amp;挖掘，形成业务洞察，探索并实践验证优化和增长点。,"1、本科及以上学历, 数学/统计学/计算机/经济学/信息管理等相关专业；2、熟练使用SQL，Excel，PPT，熟练掌握SPSS/R/Python等更佳；3、具备较好的逻辑思维和数据思维能力, 对数据和业务有足够的敏感性；4、良好的沟通,理解, 表达, 团队协作、抗压能力；5、有互联网或电商行业经验优先。",['10000']
265,新东方迅程,教育/培训/学术/科研/院校,增长数据分析 (MJ000369),['12-18k·14薪'],['北京-中关村'],['本科及以上'],['经验不限'],2020年04月03日,1、负责广告数据分析相关工作，通过数据监控、预警、分析、挖掘工作，为投放调优提供数据支持；2、定期对投放渠道，投放素材进行分析，甄别流量质量，发现潜在问题，挖掘产品潜力，提出合理执行建议；3、开展专题式深度研究，分析建模、数据检验、产出分析报告，指导产品调优、运营策略制定；4、参与数据产品建设，后台搭建等。,1、本科以上学历，数学专业、统计学相关专业优先；2、三年以上工作经验，良好的统计分析基础，数理逻辑清晰，较高的数据敏感性，对AB测试理论熟悉，使用过常用的机器学习、数据挖掘算法，有数据分析师工作背景优先；3、熟悉游戏业务指标使用方法及场景，能够独立完成游戏业务分析；4、熟悉SQL、Python等数据分析基本语言，熟悉Excel、Tableau、Superset等主流数据分析和图标可视化工具；5、具有一定的数据挖掘、建模、预测能力；6、良好的沟通能力、文档表达能力、部门协作能力；8、出色的学习能力，能够快速融入业务；,"['2000', '5000']"
266,工业富联,计算机软件,数据分析工程师 3010091,['8-23k·13薪'],['北京'],['本科及以上'],['2年以上'],2020年04月03日,1.负责执行开发数据应用产品功能 ;2.开发数据应用算法及使用分析工具完成数据分析任务        3.完成数据管理策略及需求文文件，包含数据质量，数据目录，元数据管理产品开发             4. 负责新技术、新展现形式调研；解决项目开发中的技术难题及算法性能优化。,本科毕业，计算机相关专业专业技能,['10000']
267,工业富联,计算机软件,数据分析高级工程师 3010092,['15-27k·13薪'],['北京'],['本科及以上'],['8年以上'],2020年04月03日,1.负责开发数据应用产品规划；2.负责研究数据分析算法，精进算法性能，提取业务价值，并提供产品化的建议 ；3.负责规划分析运维化策略，分析流程自动化及SaaS化规划       ；4.负责执行数据管理策略应用开发，包含数据质量，数据目录，元数据管理产品开发策略及目标       ；       5.数据应用部级目标设定，人员管理，归纳案例及实现经验共享；,本科毕业，计算机相关专业专业技能,['10000']
268,京东商城,互联网/移动互联网/电子商务,用户与数据分析,['面议'],['北京-大兴区'],['统招本科'],['1年以上'],2020年04月03日,1.	对手机行业研究和趋势分析，对数据进行整合、分析处理，梳理数据价值2.	对京东大数据进行研究，挖掘手机产品机会，为产品规划输入信息；3.	对手机品类的用户人群划分、画像分析，利用人群特征提取用户痛点和喜好,1、大学本科以上，统计学、计算机、社会学相关专业；2、有大数据公司或市场调研公司工作经历者3、精通PPT，excel和SPSS工具，精python，SQL等大数据工具者优先,['10000']
269,首创钜大有限公司,商业地产,数据分析专业经理,['面议'],['北京'],['统招本科'],['5年以上'],2020年04月03日,1、完成月度/季度/年度经营包的编制2、定期跟踪已开业项目年度销售指标完成情况，及时对偏差较大的项目提出预警3、行业数据的收集、整理与分析，定期发布,1、3年以上数据分析工作经验，具有互联网、商业零售等数据分析经历者优先2、具有较强的分析能力、逻辑思维能力；对数据敏感，具备优秀的信息整合和分析能力3、学习能力强，能根据工作需要，解决分析过程中遇到的问题，快速学习相应的分析方法，数据应用和简单的开发工具4、熟练掌握Excel、Python等分析工具及数据库应用等。,"['500', '999']"
270,北京威克多制衣中心,服装服饰/纺织/皮革,数据分析主管,['8-15k·12薪'],['北京-大兴区'],['大专及以上'],['3年以上'],2020年04月03日,1、运营数据进行分析和深度挖掘；2、有效监控，及时发现数据问题，与营运进行沟通，实时反馈推广效果，从而提升业绩；3、数据分析方式优化，对店铺运营提出创新性的分析观点；4、负责全国常规运营数据分析，从系统提取数据为业务部门提供数据分析报告；5、协助领导进行深入数据分析，产出深层次数据分析报告，为高层领导数据化决策提供数据支持；6、数据分析报表的优化，实行常规报表自动化，提高工作效率。7、服装行,,"['2000', '5000']"
271,北京美住必成科技有限公司,O2O服务,数据分析师,['10-20k·12薪'],['北京-朝阳区'],['本科及以上'],['3年以上'],2020年04月03日,1、深入熟悉酒店业务，建立核心指标运营监测体系和预警体系；2、分析用户行为和商户特征，善于归纳、并进行数据分析和挖掘价值 ，输出数据报告；3、深入理解业务方向和战略，建立数据模型，提供决策支持；4、梳理数据需求，并进行相关数据规划，推动技术实现报表及分析的自动化。,1、统计学、数学、计算机等相关专业本科及以上学历；2、熟悉SQL语言，熟练操作Excel，熟悉数据分析方法； 3、热爱互联网工作，三年以上数据分析经验，有O2O或酒店相关经验者优先；4、良好的学习与抗压能力，能自我驱动，有强烈的责任感。,"['1000', '2000']"
272,医药魔方,电子商务,医学数据分析师,['面议'],['北京-朝阳区'],['统招本科'],['1年以上'],2020年04月03日,1. 负责中外最新的临床医学数据的收集、整理和结构化；2. 参与临床相关产品设计、开发与维护；3. 根据药企和医生的需求，分析并输出医学信息；4. 参与其他与临床医学有关的数据处理；,1. 能快速阅读并理解医学论文与指南，医学基础知识扎实，学习理解能力和分析能力强；2. 临床医学相关专业本科学历及以上；3. 有医学翻译或医学数据处理工作经验者优先；4. 工作认真，执行力强，团队协作和沟通表达能力佳。,"['50', '99']"
273,医药魔方,电子商务,数据分析师-数据挖掘方向,['面议'],['北京-望京'],['统招本科'],['1年以上'],2020年04月03日,,,"['50', '99']"
274,医药魔方,电子商务,数据分析师,['面议'],['北京-望京'],['本科及以上'],['2年以上'],2020年04月03日,1. 定期对行业数据进行监测、分析以及行业趋势研究，形成行业分析报告，支持公司各项业务的开展。2. 协助完善数据产品、业务分析模型，协调产品技术团队完成数据分析模型。3. 针对某一课题进行专项深度分析，熟练使用数据可视化工具实现分析成果展示。 ,1、 本科以及上学历，数学／统计学／市场营销 / 药学相关专业。2、 2年以上工作经验，有互联网医疗／制药公司 / 市场调研 / 咨询公司背景优先。3、具备业务分析理解能力，有比较丰富的BI工具界面开发经验，能引导客户进行BI报表设计。4、 工具使用,"['50', '99']"
275,中视购物,百货/批发/零售,数据分析,['6-10k·12薪'],['北京'],['本科及以上'],['1年以上'],2020年04月03日,1、依据公司开发策略以及整体业绩要求，在合理编排的基础上实现公司业绩的最大化；2、依据定位及受众人群的市场需求，制定整体编排策略及内容结构；3、根据节目编排框架及节目需求，与商品部制定整体开发规划；4、频道日常内容编排，与相关业务确定相关流程，保证高质量播出；5、在合理编排的基础上实现公司业绩的最大化；6、为相关业务部门提供日常数据支持。,1、本科以上学历，统计、数学、经济学等专业优先；2、熟练运用各种办公、统计分析软件；3、具备较好的项目管理及统筹安排能力，沟通能力；4、能够根据运营需求及受众需求，制定科学的节目编排体系。,"['500', '999']"
276,彩虹无线,互联网/移动互联网/电子商务,数据挖掘工程师/数据分析师,['20-30k·12薪'],['北京-百子湾'],['本科及以上'],['3年以上'],2020年04月03日,1.带领团队理解车联网数据分析业务需求，运用统计建模，数据挖掘，机器学习方法解决实际问题；2.带领团队利用车联网数据的挖掘，通过用户标签体系构建及模型构建，面向车辆的安全性评估，驾驶行为风险评估等应用提供模型及算法支撑3.带领团队负责模型的开发，评估，部署，监控优化工作；4.带领团队负责深入业务，利用对数据的理解支撑各个业务部门的数据决策任职要求/key sk,1.具有统计学，计算机，数学相关专业背景，掌握扎实的统计学，数据挖掘，机器学习理论基础； 2-3年工作经验2.具备工程开发能力，熟练掌握python/R编程语言3.具有数据挖掘，机器学习相关项目经验4.自我驱动能力，对新技术有强烈求知欲和学习能力5.良好的英语听说读写能力，良好的团队沟通合作能力具备以下条件优先1.参加过kaggle或类似比赛并获得不错名次2.在有影响力的会议或期刊发表过数据挖掘，机器学习相关论文3.有车联网数据挖掘，自动化风控，征信，互联网金融相关经验4.参与过商业化的模型（分类器，推荐系统，NLP模型等）落地项目,"['100', '499']"
277,致维科技(北京)有限公司,互联网/移动互联网/电子商务,数据分析,['8-15k·12薪'],['北京'],['大专及以上'],['1年以上'],2020年04月03日,,,"['100', '499']"
278,TalkingData,互联网/移动互联网/电子商务,高级数据分析师(J10309),['15-25k·12薪'],['北京'],['本科及以上'],['3年以上'],2020年04月03日,1.	负责金融领域的大数据应用，利用机器学习建立金融行业数据模型，包括特征工程、数据建模、模型测试评估及模型应用等工作；2.	建立高价值客户挖掘模型、产品推荐模型、RFM模型、流失预测等业务模型，基于模型结果提升客户业务价值；3.	根据一方和三方数据源，对数据进行甄别、清洗和整合；,1.	本科及以上学历，具有统计、数学、计算机类专业背景，有金融行业建模经验优先；2.	熟悉Python/R/SAS，至少3年以上数据挖掘工作经验，至少亲身完成一个中大型建模项目；3.	熟悉各类机器学习算法，包括分类、逻辑回归、XGBoot、随机森林等，精通有监督式学习，无监督式学习，并使用最优化理论提升模型性能；4.	自我驱动能力很强，积极学习能力较强，善于沟通，团队协作能力优秀；5.	对银行业务特别是零售银行、风控业务了解优先,"['500', '999']"
279,车好多集团,O2O服务,业务数据分析专家,['面议'],['北京'],['统招本科'],['5年以上'],2020年04月03日,1. 对接业务线，梳理需求，获取数据，分析数据，诊断问题，提出建议；2. 开发、维护日常数据报表，按需编写专题分析报告；3.与相关团队协作进行数据建模工作，推动业务数据化运营。 ,1. 统计学、数学、计算机相关专业的本科及以上学历，3年以上数据分析相关工作经验；2. 有数据运营、经营分析等经验，互联网工作背景优先；3. 对数据敏感，能够快速发现数据变化和隐藏问题。4. 熟练SQL，能够独立撰写分析报告。,['10000']
280,贝壳找房(北京)科技有限公司,O2O服务,数据分析经理,['面议'],['北京'],['本科及以上'],['5年以上'],2020年04月03日,1、能够基于研究课题，有效提炼数据需求并完成数据采集、整理与入库；2、根据课题需求，通过数据提炼分析观点，撰写数据分析与可视化报告；3、带领团队探索新思路、新技术，不断提升团队数据分析能力。,1、具有深厚的数学、统计学功底和计算机相关知识，能够熟练使用SQL、R\Python、tableau等数据查询、统计分析和可视化工具，有数据抓取经验的优先；2、有极强的复杂问题的解决能力，能独立完成数据分析报告。,"['1000', '2000']"
281,贝壳找房(北京)科技有限公司,O2O服务,资深数据分析师,['面议'],['北京-上地'],['本科及以上'],['5年以上'],2020年04月03日,"1. 统筹市场部整体数据，搭建数据分析体系，为公司制定和提升数据应用的价值；2. 对业务效率提升提供数据支持，并推进相关数据平台化建设;3. 针对业务给出合理KPI建议，建立良好的监控和沟通机制;4. 带领团队提炼业务发展中的核心问题，建立分析模型，通过数据论证解决方案或可行性，为决策提供依据;5.提出和推动研究性项目，基于对业务的深度理解,通过数据挖掘与分析,针对公司关键指标以及运营各业务线输出专项分析报告,及时发现问题,为运营决策、用户营销等提供决策支持和优化方向6. 结合公司战略方向，洞察发展机遇并提出建议，确保能传达给业务负责人或高层，并积极推动落地;7. 数据贴近业务，与产品、运营、开发团队紧密配合，积极开展跨部门合作沟通。8.数据分析团队的搭建和培养",1. 计算机、数学或统计学专业学士及以上学历；2. 五年以上数据分析工作经验，三年以上团队管理经验；3. 良好的数据敏感度，有丰富的数据处理、分析经验；4.有自驱力和好奇心，对用户数据有敏锐的数据洞察力；5.关注业务，对业务有理解力，善于通过数据分析赋能业务；6.良好的沟通协作能力，具有较强的分享意愿。7.了解和熟悉市场部数据者优先,"['1000', '2000']"
282,易视腾科技股份有限公司,社交网络,数据分析师,['15-25k·12薪'],['北京'],['本科及以上'],['3年以上'],2020年04月03日,1、本科学历、统计学、数学、计算机相关专业背景，数据分析领域3年以上工作经验；2、熟悉常见的分析方法论，例如用户分群、多维分析、行为序列等；3、熟悉常用数据分析工具，；4、熟悉Linux系统及数据库常规处理命令；5、有较强的逻辑思维和分析能力，沟通、协调能力。,,"['500', '999']"
283,泰康在线财产保险股份有限公司,互联网/移动互联网/电子商务,数据分析岗,['面议'],['北京-昌平区'],['统招本科'],['1年以上'],2020年04月03日,（请逐条填写详细描述）1.本科及以上学历，数学、统计学、软件工程，计算机及相关专业2.具备1-3年的数据处理相关工作经验或有数据分析实习经历的应届毕业生3.熟练运用excel，熟悉保险行业，具有业务数据分,,"['500', '999']"
284,京东商城,互联网/移动互联网/电子商务,数据分析师,['面议'],['北京-大兴区'],['统招本科'],['3年以上'],2020年04月03日,1、 协同业务高管搭建和完善业务报表体系，优化报表展示，推动内部数据报表自动化和体系化。2、 负责撰写月度、季度、年度经营分析报告，给予有落地效果的合理化建议。3、 搭建标准化业务关键指标追踪模型，参与制定机构全年的业务目标，持续监控达成情况。4、 能快速积累并了解一线业务，通过数据分析工具，加强对业务分析的深度和广度。,1、 大学本科及以上学历，金融、数学、统计学等相关专业优先，3年以上数据分析相关从业经验，了解零售、电商行业运作基本模式。2、 具有快速学习和思考能力，能提炼业务模型的核心盈利要素。3、 精通 EXCEL、PPT，能使用SQL数据库软件者优先。4、 责任心强，具备沟通协调和闭环管理、推进能力。,['10000']
285,京东商城,互联网/移动互联网/电子商务,数据分析高级经理,['面议'],['北京-大兴区'],['统招本科'],['5年以上'],2020年04月03日,1. 针对产品运营链条的各类关键数据，建立完整的数据分析体系，通过数据分析驱动业务优化迭代；2. 深入理解业务、产品、用户和场景，通过数据分析洞察业务关联，全面梳理产品运营体系；3. 带领团队完成各项数据报表自动化或数据取数的需求及各个维度的经营分析；4. 根据各类数据结果，并根据业务需求，提出运营或产品建议，运用数据分析为公司各部门提供有指导性的战略方案；；5. 独立完成其他运营数据分析、数据建模等各类数据产品。,1. 本科以上学历，5年以上数据分析或数据运营经验，3年以上管理经验；2.掌握Hive或SQL，精通Excel，了解tableau对数据敏感并有很强的洞察能力，快速从繁杂数据中发现问题；3. 极强的业务学习能力，能够把数据和业务紧密联系；4. 优秀的协调和沟通能力，能够推动数据和运营方案实施；,['10000']
286,广州数说故事信息科技有限公司,互联网/移动互联网/电子商务,数据分析经理,['18-25k·13薪'],['北京-国贸'],['本科及以上'],['5年以上'],2020年04月03日,企业网络舆情、品牌网络口碑、消费者洞察、社会化运营数据、产品体验和创新等；2、根据商业背景和相关行业背景，搭建清晰的研究框架，设计研究方案，将客户需求落地；3、基于多维大数据以及不同数据特点，使用公司自有大数据分析工具，洞悉数据背后的信息，满足客户的分析需求；结合自身和团队的研究经验，基于数据洞察结果提出合理的解决方案和意见，提升数据价值；4、承担分析报告撰写的主笔工作。,1、本科以上学历；2、有5年以上的咨询公司、广告/公关公司或大型企业市场研究或用户研究部门工作背景；3、对制造、快消、互联网、零售等行业及商业模式有一定的了解，对数据有较高的敏锐性；4、具备数据操作能力，熟练使用excel，熟练使用SPSS等至少一种统计软件；5、具备独立完成PPT制作，报告撰写能力；6、良好的沟通与表达能力，能与客户对接需求。,"['100', '499']"
287,谱尼测试科技,检测/认证,经营数据分析,['15-30k·12薪'],['北京-海淀区'],['大专及以上'],['5年以上'],2020年04月03日,,1、运用数据分析工具对业务数据进行分析和研究，为运营及销售提供运营数据和报表，并对内容建设提供指导性意见；2、日常数据监控，跟踪并处理异常数据，并推动问题解的解决；3、日常报表输出（包括日报、周报、月报），建立规范的数据分析报表；4、负责分析各类数据并针对各类问题提出解决方案；5、对专业的数据分析及做好竞争对手数据的采集、统计、评估与分析；6、完成上级交代的其他相关任务。任职要求,"['1000', '2000']"
288,北京金风科创风电设备有限公司,新能源,质量管理中心-数据分析主任工程师(J14713),['面议'],['北京'],['本科及以上'],['5年以上'],2020年04月03日,"1、分析风机核心部件的设计、制造、运行数据，分析其失效规律。2、分析风机现场运维数据，基于海量数据，创新开发各种算法，进行数据建模工作，编写相应的报告，为降低项目成本提供科学依据。3、机组风险预警、风险评估与失效预测模型开发，数据分析建模参数调优、验证与测试、评估上线与推广。  4、构建全面的、准确的、能反映服务业务线特征的整体数据指标体系, 并基于业务监控指标体系，及时发现与定位业务问题。5、对业务问题进行深入分析，为公司运营决策、产品方向、销售策略提供数据支持。",1、统计类、数据分析或或电气相关专业，计算机相关专业本科以上学历；2、 数据分析5年以上经验或者风电控制策略分析5年以上经验；3、 有建立风机数据建模的项目经验；4、熟练使用一种或几种分析统计及数据挖掘工具，如Python、R、MATLAB等。5、熟悉机器学习、数据建模、数据挖掘至少一方面，有一定的理论研究和实践经验。6、对数据敏感，熟悉常用的数据挖掘算法，如决策树、支持向量机、神经网络等。7、有风电行业数据建模经验者优先。,"['1000', '2000']"
289,川北真空科技(北京)有限公司,机械制造/机电/重工,数据分析工程师,['6-9k·12薪'],['北京'],['本科及以上'],['经验不限'],2020年04月03日,1、 通过对供应链的业务需求理解及问题分析，从数据分析角度设计解决方案及决策支持策略；2、 依据业务需求，设计运营监测预警、评价指标体系；3、 独立完成数据提取、数据预处理、数据建模及数据分析报告的撰写；4、 参与BI系统设计、规划，构建业务数据模型。,1、 本科及以上学历，数学、统计学、计量经济学或计算机专业方向；2、 从事数据分析工作两年以上，有独立完成需求分析、数据建模及结果应用展示、汇报经历；3、 熟悉常用分析挖掘模型，如回归分析、聚类分析、关联分析、决策树、时间序列及最优化规划的原理及应用场景。深刻理解分布统计及概率相关概念；4、 精通excel，熟练使用SAS、R数据分析语言及SQL数据库查询语言，能够完成从数据采集到数据建模的自动化处理；5、 有良好的逻辑思维能力和沟通表达能力，工作认真、严谨，善于归纳、总结、分析；6、 有制造业公司相关数学建模分析经验者优先；7、有成本分析管理、供应商管理、最优化模型方面建模经验的优先。,"['100', '499']"
290,车好多集团,O2O服务,业务数据分析10418,['面议'],['北京'],['本科及以上'],['5年以上'],2020年04月03日,1.   对接业务线需求，对需求进行梳理，对业务问题进行深度诊断性组合分析、挖掘、深度分析，并给出建议；2.   沉淀分析思路与框架，提炼数据产品需求，与相关团队（如技术开发团队） 协作并推动数据产品的落地 ；3.   与相关团队协作进行数据建模工作，推动业务部门的数据化运营 。,1.   统计、数学、社会学、心里学专业本科及以上学历， 3~5年相关工作经验 ；2.   有数据模型建立和运营经验、数据化运营经验、数据类产品类规划经验，尤其是互联网和咨询公司相关的优先；3.   有较强的逻辑推理能力，善于从商业角度解读数据；4.   熟练独立编写商业数据分析报告，及时发现和分析其中隐含的变化和问题；5.   熟练运用SQL，熟练运用EXCEL、R语言/python等数据工具、熟练使用PPT，有很强的PPT功底的优先；6.   善于沟通和交流，有丰富的跨团队、部门的项目资源整合能力，能够独立开展研究项目。,['10000']
291,天创信用服务有限公司,互联网/移动互联网/电子商务,数据分析师（数据产品开发与建模）,['15-30k·12薪'],['北京-朝阳区'],['本科及以上'],['3年以上'],2020年04月03日,1.对数据进行清洗，整理，分析与挖掘。2.针对不同业务场景打造风控数据产品。3.构造特征变量，建立各种风险计量模型。4.开发用于风险分析，模型构建的相关工具。5.参与数据仓库的架构设计，最大程度挖掘数据价值。,1.全日制数学，统计，计算机，经济，金融等相关专业。2.能够熟练运用R/Python中的至少一个，熟练运用excel/ppt，能够编写较为简单的sql语句。3.对数据敏感，具备较强的学习能力，沟通能力，逻辑分析能力。4.有金融行业数据分析经验，熟练掌握多种机器学习算法原理，或具备丰富的模型构建经验优先。,"['100', '499']"
292,中建材信息技术股份有限公司,IT服务/系统集成,数据分析专员,['8-12k·12薪'],['北京-三里河'],['本科及以上'],['3年以上'],2020年04月03日,1、定期汇总统计运营及收入数据的情况，出具经营数据报告2、负责经营数据汇总，经营指标跟踪，跟进过程中的经营情况，为经营分析及总结提供支持3、沟通协调各部门，梳理完善管理报表体系，监督分析业务数据指标的执行情况及预算执行情况，做好过程管控4、负责业务部门日常数据整理、核对、分析、反馈以及内部核算5、其它经营、财务相关事宜,一、教育背景,"['500', '999']"
293,北京市海淀区精华培训学校,教育/培训/学术/科研/院校,商业数据分析师,['15-30k·12薪'],['北京'],['统招本科'],['5年以上'],2020年04月03日,1、负责项目的需求调研、数据分析、商业分析和数据挖掘，构建各种数据分析模型，不断提高采集数据和分析数据的针对性；2、根据业务需求，定期输出标准化数据分析报告，对分析结果提出问题，并提供数据支撑建议；3、整理编写商业数据分析报告，及时发现和分析其中隐含的变化和问题，为业务发展提供决策支持；4、结合业务，挖掘用户行为特征等信息，为运营和产品改进提供数据支持和可落地的优化方案并执行；5、参与用户分群、用户价值、用户生命周期等数据研究，并通过精细化运营等手段实现用户活跃度和付费转化的提升；6、完成上级领导安排的各项工作。,1、全日制统招本科及以上学历，统计学、数学、计算机、数理统计、数据挖掘专业方向优先；2、有一定的数据统计和数据挖掘专业知识，具备利用数据分析解决业务问题的能力；3、3年以上同行业工作经验；4、使用Python或SAS进行数据分析经验者优先；5、熟练使用数理统计、数据分析软件。,"['500', '999']"
294,京东数字科技控股有限公司,基金/证券/期货/投资,数据分析高级经理,['面议'],['北京'],['统招本科'],['5年以上'],2020年04月03日,"1、利用用户洞察理解和数据分析,规划和设计可利用数据挖掘、数据分析等技术实现的广告产品的定向和量化能力； 2、制作产品原型，把握产品细节，确保产品设计的高可用性及良好的用户体验； 3、理解和分析数据，负责业务范围的数据规划；4、协调各方资源推进并完成数据产品的设计、开发、推广； 5、为客户提供有洞察力的数据分析结果。",1、本科或以上学历， 3年以上数据分析工作经验； 2、2年以上的客户服务经历，了解客户对数据的真实需求； 3、良好的沟通能力和协调能力。,"['2000', '5000']"
295,尚德机构,在线教育,数据分析师,['20-35k·12薪'],['北京-来广营'],['统招本科'],['5年以上'],2020年04月03日,1.梳理并优化现有数据分析的内容、流程和机制，不断提升数据质量，挖掘数据价值；2.结合公司现状，搭建人力数据和业务数据综合分析模型；3.配合完成月度、季度、年度人力数据分析报告等日常数据运维；4.支持对接重点项目，编制PPT，提供支持和建议；5.对行业、竞争对手等进行相关数据整合和研究分析，提供外部对标及观点。,1.数学、统计学历背景优先；2.5年以上工作经验，有成本、财务分析经验的优先，会搭模型；3.性格开朗，情商高。,['10000']
296,北京蛙鸣华清环保科技有限公司,环保,高级数据分析师（环保大气）,['15-25k·12薪'],['北京-朝阳区'],['硕士及以上'],['2年以上'],2020年04月03日,1、负责公司大气数据分析业务产品的开发指导，数据可视化方案的构建；2、负责处理客户的现场咨询、环境分析研判指导、数据分析指导、专家会商等需求；3、负责区域大气污染成因分析指导及分析报告模板编制；4、负责协助重要项目实施的技术指导和技术支撑工作。,1、大气科学、环境科学、大气物理或气象等相关专业博士，或硕士特别优秀者；2、掌握大气污染理论，对污染扩散模型、污染预警、污染溯源等技术有实践经验；3、对环保业务部门（包括环保局、监测站、环科院等）的具体工作了解，有相关工作经验者优先；4、要求创新能力强，善于利用新方法新工具解决新问题；5、具有较强的逻辑分析能力和文字表达能力，善于和人交流。,"['50', '99']"
297,完美,游戏产业,数据分析师,['面议'],['北京-朝阳区'],['学历不限'],['2年以上'],2020年04月03日,】1、 搭建常用数据框架模板并进行数据的维护和提取。2、 进行数据深入研究，对课题性问题进行数据的支持挖掘及分析3、 手游产品的运营推广效果分析，以及效果优化改进方案提出4、 数据报告的汇报（日报、月报、年报）以及针对性报告的数据分析产出。【,】1、 数据、统计学专业毕业优先2、 熟悉SQL语言以及数据程序交互语言，并具有搭建数据模型能力3、 负责并参与游戏产品上线、推广、资料片的全程数据分析者优先4、 喜欢玩端游或者手游（卡牌类或者MMO类）,"['5000', '10000']"
298,某银行股份有限公司,,数据分析岗,['25-35k·14薪'],['北京'],['统招本科'],['3年以上'],2020年04月03日,,,[]
299,上市企业,,数据产品经理/数据分析,['15-30k·12薪'],['北京'],['统招本科'],['3年以上'],2020年04月03日,,,[]
300,知名互联网金融公司,,资深数据分析,['20-40k·15薪'],['北京-海淀区'],['统招本科'],['2年以上'],2020年04月03日,,,[]
301,某大型上市公司,,数据分析,['40-55k·12薪'],['北京'],['本科及以上'],['1年以上'],2020年04月03日,,,[]
302,知名在线教育互联网公司,,高级商业数据分析师,['30-50k·15薪'],['北京'],['本科及以上'],['5年以上'],2020年04月03日,,,[]
303,某知名互联网公司,,数据分析专家/高级专家（决策支持）,['30-60k·16薪'],"['北京,上海,杭州']",['统招本科'],['6年以上'],2020年04月03日,,,[]
304,寄云鼎城科技,计算机软件,数据分析师,['10-20k·12薪'],['北京-上地'],['本科及以上'],['1年以上'],2020年04月03日,1. 针对实际数据和业务诉求，能抽象业务问题中的分析主题，采集和整理需求说明书；2. 进行算法和模型的设计，给出解决方案。根据数据模型设计和开发规范，使用数据分析工具，实现建模和分析任务，形成业务模型，及相关的文档；3. 能配合行业化销售、售前团队，支撑典型分析案例的推广；配合产品研发、交付团队，支撑算法、模型和应用产品的开发和交付能力。,1.物理、数学、计算机、统计学、控制、自动化、测控、仪器仪表、石油、新能源等相关理工科专业背景，并对工业领域的业务知识和数据具有较强的自主学习能力和意愿；2.具有工业数据的挖掘、建模、分析等项目经验1年以上，有故障检测与诊断、测量、设备预测性维护、设备健康管理相关经验优先；3.精通机器学习、模式识别、信号处理、多元统计分析等的原理及主要算法，至少熟练使用Python/R/Matlab、SQL、linux/Shell等其中两门编程语言。熟悉数据建模的流程，并有很好的代码开发能力和执行力，对分析结果有清晰的解释能力；4. 具有良好的逻辑分析、沟通和文字表达能力，能结合业务场景、分析需求和数据，给出解决思路和方案；5. 需要具备很强的责任心，做事细致严谨高效，善于团队协作。,"['100', '499']"
305,知名网络安全企业,,安全数据分析师,['15-25k·15薪'],['北京'],['统招本科'],['5年以上'],2020年04月03日,,,[]
306,头条,,数据分析,['25-35k·12薪'],['北京'],['学历不限'],['2年以上'],2020年04月03日,,,[]
307,国内知名上市互联网公司,,数据分析专家,['40-70k·20薪'],"['北京,杭州,深圳']",['统招本科'],['7年以上'],2020年04月03日,,,[]
308,某卫星导航公司,,高级数据分析工程师,['25-30k·13薪'],['北京-海淀区'],['硕士及以上'],['5年以上'],2020年04月03日,,,[]
309,智能产业知名制造商,,数据分析师,['18-25k·14薪'],"['青岛,北京,上海']",['统招本科'],['3年以上'],2020年04月03日,,,[]
310,国内知名互联网公司,,数据分析师,['30-50k·12薪'],['北京-昌平区'],['统招本科'],['5年以上'],2020年04月03日,,,[]
311,某知名个人银行/消费金融,,高级数据分析师,['35-60k·12薪'],['北京'],['硕士及以上'],['4年以上'],2020年04月03日,,,[]
312,国内某科技公司,,高级数据分析师,['33-58k·12薪'],"['北京,上海,广州']",['大专及以上'],['4年以上'],2020年04月03日,,,[]
313,网络安全上市公司,,数据分析师,['20-30k·14薪'],['北京-海淀区'],['统招本科'],['5年以上'],2020年04月03日,,,[]
314,知名互联网教育独角兽集团,,数据分析师,['20-30k·15薪'],['北京-朝阳区'],['统招本科'],['3年以上'],2020年04月03日,,,[]
315,某大数据智慧科技公司,,大数据分析经理,['25-40k·12薪'],['北京'],['统招本科'],['3年以上'],2020年04月03日,,,[]
316,区县出行电单车知名品牌,,数据分析师,['20-40k·14薪'],['北京'],['统招本科'],['4年以上'],2020年04月03日,,,[]
317,北京某商用车合资整车公司,,质量数据分析,['15-20k·12薪'],['北京'],['本科及以上'],['5年以上'],2020年04月03日,,,[]
318,北京知名信息流公司,,数据分析专家,['30-50k·16薪'],"['北京-朝阳区,北京-海淀区']",['统招本科'],['5年以上'],2020年04月03日,,,[]
319,知名电商平台公司,,数据分析专家,['40-60k·12薪'],"['北京,深圳']",['统招本科'],['10年以上'],2020年04月03日,,,[]
320,知名社交互联网公司,,增长数据分析师（高级）,['20-40k·18薪'],['北京-朝阳区'],['统招本科'],['3年以上'],2020年04月03日,,,[]
321,知名互联网企业,,数据分析师,['25-40k·12薪'],"['北京,上海']",['统招本科'],['3年以上'],2020年04月03日,,,[]
322,一线互联网公司 BAT,,数据分析专家,['30-50k·12薪'],['北京'],['统招本科'],['5年以上'],2020年04月03日,,,[]
323,某知名在线教育独角兽公司,,数据分析师,['25-40k·14薪'],['北京'],['统招本科'],['3年以上'],2020年04月03日,,,[]
324,某知名品牌集团公司,,战略数据分析总监,['60-90k·12薪'],"['北京,广州,上海']",['本科及以上'],['5年以上'],2020年04月03日,,,[]
325,某知名互联网公司,,数据分析师,['20-30k·14薪'],['北京-朝阳区'],['本科及以上'],['3年以上'],2020年04月03日,,,[]
326,某知名互联网公司,,数据分析经理,['30-60k·16薪'],"['北京,杭州,上海']",['统招本科'],['5年以上'],2020年04月03日,,,[]
327,国内真正意义上完全按照国际标准独 立运作的信用卡中心,,数据分析与建模专家,['32-50k·12薪'],"['上海,北京,深圳']",['统招本科'],['5年以上'],2020年04月03日,,,[]
328,知名互联网电视公司,,高级数据分析师,['20-30k·14薪'],['北京'],['本科及以上'],['3年以上'],2020年04月03日,,,[]
329,国内知名游戏公司,,广告数据分析师,['30-40k·12薪'],['北京-海淀区'],['学历不限'],['5年以上'],2020年04月03日,,,[]
330,国内某知名社交公司,,增长数据分析,['20-40k·16薪'],"['北京,上海,深圳']",['统招本科'],['3年以上'],2020年04月03日,,,[]
331,北京某互联网独角兽公司,,数据分析师,['18-25k·13薪'],['北京'],['统招本科'],['2年以上'],2020年04月03日,,,[]
332,某出行平台,,资深数据分析（资深/专家）,['40-60k·14薪'],['北京-朝阳区'],['本科及以上'],['3年以上'],2020年04月03日,,,[]
333,涵盖出租车专车 快车等多项业务在内的一站式出行平台,,数据分析专家,['30-60k·16薪'],['北京-海淀区'],['硕士及以上'],['3年以上'],2020年04月03日,,,[]
334,某知名科技公司,,大数据分析专家,['40-70k·12薪'],"['北京,深圳']",['统招本科'],['5年以上'],2020年04月03日,,,[]
335,国企技术公司,,数据分析师,['25-40k·14薪'],['北京-昌平区'],['统招本科'],['5年以上'],2020年04月03日,,,[]
336,纽交所上市互联网公司,,资深数据分析师,['25-40k·15薪'],['北京'],['统招本科'],['3年以上'],2020年04月03日,,,[]
337,纽交所上市互联网公司,,高级数据分析师,['25-40k·15薪'],['北京'],['统招本科'],['3年以上'],2020年04月03日,,,[]
338,某独角兽互联网公司,,数据分析总监,['40-70k·16薪'],"['杭州,上海,北京']",['学历不限'],['8年以上'],2020年04月03日,,,[]
339,国内知名商业房地产企业 ,,数据分析经理,['15-20k·12薪'],['北京'],['统招本科'],['2年以上'],2020年04月03日,,,[]
340,北京磐博企业管理有限公司,,HR数据分析师,['25-35k·14薪'],['北京-朝阳区'],['统招本科'],['5年以上'],2020年04月03日,,,[]
341,知名互联网大数据公司,,高级数据分析师,['20-30k·12薪'],['北京'],['统招本科'],['3年以上'],2020年04月03日,,,[]
342,国内知名电商平台，三大电商之一,,数据分析师（市场分析方向）,['17-22k·13薪'],"['广州,上海,北京']",['统招本科'],['5年以上'],2020年04月03日,,,[]
343,某知名公司,,数据分析师（用户增长方向）,['25-45k·14薪'],['北京-朝阳区'],['统招本科'],['3年以上'],2020年04月03日,,,[]
344,某知名互联网公司,,数据分析,['25-40k·12薪'],['北京'],['统招本科'],['2年以上'],2020年04月03日,,,[]
345,准上市独角兽公司,,高级数据分析师,['30-50k·14薪'],['北京-海淀区'],['统招本科'],['3年以上'],2020年04月03日,,,[]
346,ALJK,,数据分析专家,['35-50k·14薪'],['北京'],['统招本科'],['3年以上'],2020年04月03日,,,[]
347,ALJK,,数据分析专家,['35-50k·14薪'],['北京'],['统招本科'],['3年以上'],2020年04月03日,,,[]
348,知名ICT解决方案供应商,,大数据分析师,['65-95k·12薪'],"['北京,上海,深圳']",['硕士及以上'],['5年以上'],2020年04月03日,,,[]
349,某一线互联网企业,,数据分析,['30-40k·14薪'],['北京'],['统招本科'],['5年以上'],2020年04月03日,,,[]
350,某综合型社交平台,,数据分析师,['30-40k·14薪'],['北京'],['本科及以上'],['3年以上'],2020年04月03日,,,[]
351,国内知名金融公司,,数据分析师,['12-24k·16薪'],"['上海,深圳,北京']",['本科及以上'],['3年以上'],2020年04月03日,,,[]
352,某知名音视频公司,,数据分析leader,['25-40k·14薪'],['北京'],['统招本科'],['4年以上'],2020年04月03日,,,[]
353,top互联网公司,,资深数据分析专家,['50-80k·12薪'],"['上海,北京,深圳']",['统招本科'],['3年以上'],2020年04月03日,,,[]
354,某社交平台,,用户增长数据分析师,['30-60k·14薪'],['北京-朝阳区'],['统招本科'],['3年以上'],2020年04月03日,,,[]
355,顶级快消品公司,,数据分析经理,['15-25k·13薪'],['北京'],['统招本科'],['3年以上'],2020年04月03日,,,[]
356,某知名移动社交APP,,用户增长数据分析师,['25-45k·13薪'],['北京-朝阳区'],['统招本科'],['3年以上'],2020年04月03日,,,[]
357,外资某知名咨询公司 ,,数据分析高级经理,['40-60k·12薪'],"['北京,上海,广州']",['本科及以上'],['5年以上'],2020年04月03日,,,[]
358,某知名互联网公司,,数据分析专家,['30-60k·16薪'],"['上海,杭州,北京']",['统招本科'],['5年以上'],2020年04月03日,,,[]
359,某一线互联网公司,,数据分析商业分析市场分析市场洞察行业研究,['30-60k·12薪'],"['北京,上海,杭州']",['统招本科'],['5年以上'],2020年04月03日,,,[]
360,某北京医药科技发展有限公司,,数据分析总监,['30-40k·12薪'],['北京'],['本科及以上'],['3年以上'],2020年04月03日,,,[]
361,互联网大厂,,电商数据分析负责人,['20-25k·12薪'],['北京'],['学历不限'],['3年以上'],2020年04月03日,,,[]
362,知名互动娱乐公司,,游戏数据分析师,['15-30k·12薪'],['北京'],['本科及以上'],['3年以上'],2020年04月03日,,,[]
363,国内某知名社交公司,,商业化数据分析专家,['20-40k·17薪'],"['北京,广州,深圳']",['统招本科'],['3年以上'],2020年04月03日,,,[]
364,北京某信息科技有限公司,,大数据分析工程师,['30-40k·13薪'],['北京'],['统招本科'],['2年以上'],2020年04月03日,,,[]
365,某知名大型集团,,成本数据分析主任工,['42-70k·12薪'],['北京'],['统招本科'],['7年以上'],2020年04月03日,,,[]
366,知名跨国企业在华研发机构,,数据分析研究员,['18-23k·16薪'],['北京-海淀区'],['硕士及以上'],['2年以上'],2020年04月03日,,,[]
367,某知名互联网网络有限公司,,数据分析师,['35-60k·12薪'],['北京'],['硕士及以上'],['10年以上'],2020年04月03日,,,[]
368,某知名在线教育独角兽公司,,BI数据分析师,['35-45k·14薪'],['北京'],['统招本科'],['5年以上'],2020年04月03日,,,[]
369,某银行,,数据分析,['25-30k·12薪'],['北京-西城区'],['统招本科'],['3年以上'],2020年04月03日,,,[]
370,短视频潜力股,,数据分析leader,['50-70k·14薪'],['北京'],['统招本科'],['6年以上'],2020年04月03日,,,[]
371,某互联网集团旗下视频,,数据分析专家,['35-49k·16薪'],['北京-朝阳区'],['统招本科'],['5年以上'],2020年04月03日,,,[]
372,知名大数据平台企业,,数据分析算法工程师,['18-30k·14薪'],"['北京,上海,深圳']",['本科及以上'],['2年以上'],2020年04月03日,,,[]
373,百亿知名企业,,高级数据分析师,['25-36k·14薪'],"['江苏,北京,上海']",['统招本科'],['10年以上'],2020年04月03日,,,[]
374,美菜,电子商务,数据分析经理/高级经理（总部美鲜送）,['12-25k·12薪'],['北京-呼家楼'],['本科及以上'],['3年以上'],2020年04月03日,1.全面熟悉了解区域整体成本构成，搜集数据，分析区域成本合理性，提出优化建议；2.月度考核指标跟踪大区各层级指标的上传下达，是否传达到位；3.基于对业务的深刻理解，搭建业务分析体系，研究，评估，执行和展示统计分析的结果，产出推进业务重要决策；4.完成目标与预算规划，决算分析，业务规划制定；5.对常规分析框架转化需求。,1、3-5年以上相关工作经验，互联网/零售类型公司商业分析、数据分析、财务分析或咨询公司背景；2、对数据敏感，有强烈的好奇心，能从大量数据中发现商业价值，具备非常强的分析总结能力，具备良好的数据呈现能力和观点演说能力；3、对商业和业务逻辑敏感，具备良好的逻辑分析能力和系统性思维能力，良好的跨团队的沟通能力；4、具备良好的沟通协调能力、学习能力，能推动数据产生的主要结论推进决策落地。,['10000']
375,北京知名移动互联网公司,,高级数据分析,['20-30k·13薪'],['北京'],['统招本科'],['3年以上'],2020年04月03日,,,[]
376,知名跨国企业在华研发机构,,数据分析研究员,['18-23k·16薪'],['北京-海淀区'],['硕士及以上'],['2年以上'],2020年04月03日,,,[]
377,即将上市互联网大厂,,数据分析师/经理,['26-50k·15薪'],['北京-海淀区'],['统招本科'],['5年以上'],2020年04月03日,,,[]
378,某一线房产经纪公司,,数据分析经理,['15-25k·15薪'],['北京'],['本科及以上'],['5年以上'],2020年04月03日,,,[]
379,国内领先的智能无桩共享电单车品牌公司,,数据分析&负责人,['35-42k·16薪'],['北京'],['本科及以上'],['3年以上'],2020年04月03日,,,[]
380,知名互联网公司,,高级数据分析师,['20-40k·12薪'],['北京'],['统招本科'],['3年以上'],2020年04月03日,,,[]
381,国内知名互联网公司,,数据分析师,['25-50k·15薪'],['北京'],['统招本科'],['3年以上'],2020年04月03日,,,[]
382,某上市集团公司,,数据分析中心负责人,['30-50k·15薪'],"['北京,上海,杭州']",['统招本科'],['5年以上'],2020年04月03日,,,[]
383,某知名企业,,大数据分析,['12-20k·13薪'],['北京'],['学历不限'],['3年以上'],2020年04月03日,,,[]
384,bestseller,食品/饮料/烟酒/日化,数据分析师-Data analyst,['8-10k·12薪'],['北京'],['本科及以上'],['经验不限'],2020年04月03日,"o A seasonal overview of category and production line sales. o Total sales information listed by style with key aspects analysed i.e. top and bottom styles for sales value, achievement, weeks TOR, units per week sales o Fabric sales analysis to drive core fabric booking opportunities o Colour sales analysis to drive colour development mix in coming collections o Price point and MUP analysis vs JJ/VM to see how competitive we are against brother/sister brands o Seasonal overview of category and production lines sales for brother/sister brands o Overview of Gross Profit per category to date to review for strategy meetingOngoing tasks· Work in depth with MASTER DATA to ensure the data set is clean and attributed to the necessary level. Coming with additional attribution ideas to help us understand more about SELECTED (i.e.. down split in to light down/heavy down)· Project mid season sale needs by tracking sales wee",,['10000']
385,寄云鼎城科技,计算机软件,数据分析工程师,['20-40k·12薪'],['北京-海淀区'],['本科及以上'],['5年以上'],2020年04月03日,1.项目需求调研，编制需求说明书和工作方案；2.负责数据的挖掘、整合与分析模型的建立、优化和评估；3.与业务部门紧密合作，通过分析和挖掘数据，探索业务机会点，利用算法工具解决实际业务问题；4.按要求完成数据分析报告、建模报告、数据报表等，对相关结果进行解读和汇报。,1.物理，数学，统计学及计算机相关专业，硕士以上学历优先；2.具有海量数据挖掘、数据分析、机器学习等相关项目实施三年以上的工作经验，有分布式计算或高性能并行计算的项目经验优先；3.精通数据挖掘算法及其原理，对常见算法—GBDT、XGBoost、RandomForest、逻辑回归等有很好的理解；4.熟练使用Python、SQL、linux/shell， 熟悉机器学习算法模型的构建流程，对大数据平台Spark，Hadoop有一定的了解；5.具有良好的逻辑分析能力、沟通能力和文字表达能力，良好的执行力；6.积极创新， 乐于面对挑战，负责敬业，优秀的团队合作精神；诚实， 勤奋， 严谨。,"['100', '499']"
386,合力东方-探,,增长数据分析师（高级）,['20-40k·13薪'],['北京'],['统招本科'],['4年以上'],2020年04月03日,,,[]
387,日本知名跨国信息技术公司,,大数据分析研究员,['20-30k·15薪'],['北京'],['硕士及以上'],['1年以上'],2020年04月03日,,,[]
388,某知名互联网公司,,数据分析,['30-60k·15薪'],"['北京,上海']",['统招本科'],['5年以上'],2020年04月03日,,,[]
389,专门做高性价比商品导购的电子商务公司,,数据分析专家,['30-60k·13薪'],"['上海,北京,深圳']",['统招本科'],['5年以上'],2020年04月03日,,,[]
390,中国第yi家股份制保险企业,,大数据分析师,['20-35k·12薪'],"['上海,北京,深圳']",['统招本科'],['2年以上'],2020年04月03日,,,[]
391,某知名公司,,高级数据分析师,['30-50k·14薪'],['北京-朝阳区'],['统招本科'],['5年以上'],2020年04月03日,,,[]
392,国内知名互联网公司,,数据分析,['3-5k·16薪'],"['上海,北京']",['统招本科'],['2年以上'],2020年04月03日,,,[]
393,某文化发展公司,,数据分析师,['25-50k·12薪'],['北京'],['本科及以上'],['3年以上'],2020年04月03日,,,[]
394,罗辑思维,,数据分析团队负责人,['30-50k·16薪'],['北京'],['统招本科'],['3年以上'],2020年04月03日,,,[]
395,某知名独角兽互联网公司,,数据分析/业务分析专家,['25-50k·15薪'],"['北京,杭州']",['统招本科'],['5年以上'],2020年04月03日,,,[]
396,国内领先的云计算领导厂商,,数据分析专家,['30-60k·15薪'],['北京'],['学历不限'],['5年以上'],2020年04月03日,,,[]
397,信息技术有限公司,,数据分析,['25-35k·15薪'],"['北京,上海,广州']",['统招本科'],['3年以上'],2020年04月03日,,,[]
398,益博睿信息技术,IT服务/系统集成,Data Modeler 数据分析师,['15-25k·12薪'],['北京-酒仙桥'],['本科及以上'],['2年以上'],2020年04月03日,"•	Perform retail financial credit risk related analytics independently, which may include data cleaning/processing, credit risk model development, risk parameter modeling, core/advanced application, etc. •	Provide technical assistance to team members and conduct quality check when necessary. •	Prepare project related documents in Chinese or English. •	Conduct R&amp;D with the aim of creating custom analytics solution and tackling technical issues.•	Support marketing analytics for various industries, both AP and North America.•	Understand and participate in performance management processes.•	Act as stream team leader to delivery Greater China analytical projects, and proactive early warning to managers on potential risk and current issues that will affect to project delivery timeline.•	Coach and develop junior analysts to make sure error free deliverables in project delivery stream.•	Be able to communicate to clients effectively, manage client's expectation and enhance relationship with clients.•	Ensure high quality project delivery to satisfy external or internal clients.•	Contribute to analytical/consulting solutions in order to generate sustainable revenue.•	Actively contribute to a culture where the fair treatment of customers is at the heart of the Experian business.  •	Take personal responsibility to ensure that you adhere to all regulatory requirements and apply appropriate controls in the interests of our customers.","•	2 years+ analytical experiences in Retail Banking, Telecommunications, Insurance or other related industries. Data mining and Online banking development and implement experiences are preferred. •	Bachelor degree in a quantitative discipline such as Statistics, Econometrics, Operations Research or Mathematics. Master’s degree is preferred. •	Familiar with programming language in one, or more software such as Python, SAS, R, SQL. Experience with Python and either of the following modelling method","['100', '499']"
399,北京创金启富,基金/证券/期货/投资,数据分析实习生,['面议'],['北京'],['硕士及以上'],['1年以上'],2020年04月03日,,,"['1', '49']"
