,公司名,公司领域,公司人数,学历,最低工资,最高工资,工作年限,岗位职责,岗位要求
0,美团点评,互联网/移动互联网/电子商务,['10000'],本科,0,0,2,岗位职责1.企业管理领域的数据挖掘算法策略的设计及开发；2.人/组织/岗位画像相关的数据挖掘和分析相关技术研发；3.关系网络的挖掘和知识图谱的研发；4.专题场景的预测设计及开发。岗位基本需求1.两年以上的算法岗位工作经验，统招本科及以上学历；2.在机器学习方向有较强的积累，熟悉经典的算法并有实践经验，包括但不限于GBDT、深度学习、强化学习等；3.熟练掌握海量数据处理技术，有使用Hadoop/Hive/Spark分析海量数据的能力和经验；4.精通至少一种开发,Java、Scala、Python等，能熟练使用SQL进行数据处理；5.思维敏捷，动手能力强；责任心强，荣誉感强；自我驱动，乐于学习与分享；6.有较强的逻辑思维能力，善于分析、归纳、解决问题；7.善于交流，具备优秀的团队协同能力和积极主动的工作态度；8.能够快速掌握工作领域的业务和技术，能承受必要的工作压力。具备以下者优先1.在知识图谱、画像挖掘、社交网络等领域有实际项目，清楚项目流程，产出有价值结果的经验者优先；2.有使用Tensorflow/DMLC/sparkML等进行实际项目的经验者优先。岗位亮点1.跟随行业和公司一起探索人工智能在人力资源领域的落地2.公司级项目，新领域，支持力度大，挑战性大3.有特色工作机制，包括Mentor机制、Paper Readig机制、方法论分享机制、专利机制等。
1,美团点评,互联网/移动互联网/电子商务,['10000'],本科,0,0,5,岗位职责1. 负责用户和商户相关的数据挖掘和分析，用户定向相关技术研发；2. 负责商品数据的挖掘和知识图谱的研发。岗位要求1. 在以下至少某一方面有较为丰富的,1）自然语言处理； 2）机器学习；3）图像处理；2. 有大数据处理分析经验，熟悉Hadoop、Hive、Spark等大数据处理平台；3. 至少精通Java语言、python、Scala之一；4. 有广告或推荐相关经验者优先。
2,美团点评,互联网/移动互联网/电子商务,['10000'],本科,0,0,3,,1.负责用户和商户相关的数据挖掘和分析，用户定向相关技术研发；2.负责评论数据的挖掘和知识图谱的研发；3.负责营销相关的策略研发。任职要求
3,卓尔人人,计算机软件,"['1', '49']",本科,70,100,5,1.负责项目中数据准备、模型建立、模型跟踪、模型优化、模型维护、部署和评估等闭环流程，为产品优化及业务决策提供分析支撑及技术支持; 2.基于大量的用户行为数据进行分析和挖掘，包括用户兴趣、行为特征、活跃度等，理解用户的需求和痛点，并把它们转化为价值输出； 3.利用数据挖掘/统计学习的理论和方法分析，定位企业内外部数据特征，提交有效的分析报告，帮助产品改进; 4.建立和完善数据分析体系，跟踪模型的实施，优化算法和分析策略，提供建设性建议，高效改善客户端体验。,1. 统招本科及以上学历（一本），计算机、应用数学、模式识别、人工智能、统计、运筹学等相关专业，硕士以上学历尤佳，35岁以内，工作稳定性较强；2. 5年以上数据挖掘相关经验，具备扎实丰富的大规模数据分析建模工作经验，参与过有大规模分布式数据存储与计算开发，具备一线互联网公司背景优先；3.熟悉数据挖掘相关算法，包括但不限于决策树、SVM、聚类、逻辑回归等；4.熟悉Linux开发环境，精通C/C++/Python/Java中至少一种编程语言，精通MySQL等关系型数据库和SQL语句，可自主完成数据存储和抽取；5.熟练使用Python、R、Spark MLlib、Mahout、SAS等工具中的一种完成模型构建；6.熟悉基于Hadoop的MapReduce、Hive、Hbase、Spark，Clickhouse，Presto，Kylin，Druid，Kafka等应用开发；7.熟悉Superset大数据分析平台及数据可视化工具Echarts/Highcharts。
4,深演智能,互联网/移动互联网/电子商务,"['100', '499']",本科,10,15,0,1. 基于深演海量数据进行分析建模，包括业务定义、数据清洗、模型构建、模型评估；2. 负责或参与智能营销及相关领域的算法研发,User Profiling，Lookalike，Cluster Analysis，Anti-fraud等）；3.与系统工程师一起协作构建和优化数据挖掘平台。任职要求
5,字节跳动,互联网/移动互联网/电子商务,['10000'],本科,0,0,7,1. 负责信息安全相关的数据分析，挖掘，模型具体的产品化；2. 运用各类分析方法对数据进行分析与抽象，制定有效的的风险识别策略和算法；3. 负责制定量化分析目标，设计数据挖掘框架、流程与计划，设计与优化数据挖掘算法；4. 负责团队建设、业务分析、技术选型与人才选拔。,1. 熟悉安全业务，能够基于数据驱动持续优化产品；2. 熟悉常用的异常检测模型，熟悉其原理和适用范围；3. 熟悉常用深度学习模型(CNN/RNN等)，熟练使用深度学习框架 TensorFlow/Mxnet/Caffe其中的一种或者多种；4. 持续学习，保持跟进机器学习领域最新研究方向和成果及对于大数据应用在安全垂直领域的探索；5. 有互联网安全相关工作经验者优先。
6,字节跳动,互联网/移动互联网/电子商务,['10000'],本科,0,0,5,1. 负责信息安全相关的数据挖掘技术的研发工作，以及相关算法的应用与优化；2. 运用各类分析方法对安全数据进行分析与抽象，制定有效的的风险识别策略和算法；3. 在理解安全背景下，创新性的思考与发现问题，并提出有效解决方案。,1. 3年以上大数据编程经历；精通Hadoop、Hive、Spark、Storm等工具；2. 精通常用的异常检测模型，常用的深度学习模型(CNN/RNN等；熟练使用深度学习框架 TensorFlow/Mxnet/Caffe其中的一种或者多种；3. 精通至少一门编程语言（Python、Go、Java等）；熟练运用各种常用算法和数据结构，有工程实现能力；4. 持续学习，保持跟进机器学习领域最新研究方向和成果及对于大数据应用在安全垂直领域的探索；5. 有互联网安全相关工作经验者优先。
7,某国有银行,,['0'],本科,20,30,2,,
8,北京移动,,['0'],硕士,25,50,3,,
9,互联网大厂,,['0'],硕士,30,50,5,,
10,kika公司,,['0'],本科,25,35,3,,
11,某知名上市互联网消费金融平台,,['0'],硕士,50,70,4,,
12,知名海外市场移动互联网公司,,['0'],本科,25,35,3,,
13,微博金融,,['0'],本科,45,65,3,,
14,某商业银行 1,,['0'],硕士,20,25,3,,
15,国内知名大规模量化公司,,['0'],本科,25,40,1,,
16,某技术有限公司,,['0'],本科,35,45,1,,
17,知名互联网公司之一,,['0'],本科,30,50,8,,
18,某知名央企银行公司,,['0'],本科,25,50,2,,
19,国内某知名互联网公司,,['0'],本科,50,75,3,,
20,地产百强,,['0'],本科,25,50,4,,
21,某技术有限公司,,['0'],本科,34,45,3,,
22,某准上市公司,,['0'],硕士,30,60,3,,
23,字节跳动,互联网/移动互联网/电子商务,['10000'],本科,0,0,3,1. 负责信息安全相关的数据挖掘技术的研发工作，以及相关算法的应用与优化；2. 运用各类分析方法对安全数据进行分析与抽象，制定有效的的风险识别策略和算法；3. 在理解安全背景下，创新性的思考与发现问题，并提出有效解决方案。,1. 熟悉大数据编程技术Hadoop、Hive、Spark、Storm等；2. 熟悉常用的异常检测模型；3. 熟悉常用深度学习模型(CNN/RNN等)，熟练使用深度学习框架 ；TensorFlow/Mxnet/Caffe其中的一种或者多种；4. 熟练掌握一门编程语言（Java、Python、Go等），熟练运用各种常用算法和数据结构，有工程实现能力；5. 持续学习，保持跟进机器学习领域最新研究方向和成果及对于大数据应用在安全垂直领域的探索；6. 有互联网安全相关工作经验者优先。
24,北京移动,,['0'],硕士,25,50,3,,
25,某待上市电商导购公司,,['0'],本科,40,50,2,,
26,国内top互联网公司,,['0'],硕士,70,100,5,,
27,某明星创业公司,,['0'],本科,30,60,2,,
28,某待上市电商导购公司,,['0'],本科,40,50,2,,
29,知名企业,,['0'],本科,30,60,2,,
30,字节跳动,互联网/移动互联网/电子商务,['10000'],本科,0,0,3,1、研究数据挖掘或统计学习领域的前沿技术，针对海量用户行为和内容信息，构建和优化用户画像以及用户属性； 2、基于对用户理解和大量数据特征，参与风控、精准营销、个性化定价等模型建设和领域研究，提升产品效果； 3、根据公司需要寻找和采集相关数据，对原始数据进行清理、甄别、归类和整合，并实现流程自动化；,"1、机器学习、数据挖掘相关方向硕士及以上学历或 2 年以上工作经验，对用户画像分层/推荐系统有经验者优先考虑； 2、熟悉C/C++语言、Python、Java任意一种语言，较强的算法和数据结构功底；熟悉大规模数据挖掘、机器学习等相关技术,熟悉Hadoop/Spark/Hive技术优先；3、良好的逻辑思维能力,优秀的分析和解决问题的能力,对挑战性问题充满激情；4、良好的团队合作精神,较强的沟通能力。"
31,字节跳动,互联网/移动互联网/电子商务,['10000'],本科,0,0,0,1、研究数据挖掘或统计学习领域的前沿技术，针对海量用户行为和内容信息，构建和优化用户画像以及用户属性； 2、基于对用户理解和大量数据特征，参与风控、精准营销、个性化定价等模型建设和领域研究，提升产品效果； 3、根据公司需要寻找和采集相关数据，对原始数据进行清理、甄别、归类和整合，并实现流程自动化。,"1、机器学习、数据挖掘相关方向硕士及以上学历或 2 年以上工作经验，对用户画像分层/推荐系统有经验者优先考虑； 2、熟悉C/C++语言、Python、Java任意一种语言，较强的算法和数据结构功底；熟悉大规模数据挖掘、机器学习等相关技术,熟悉Hadoop/Spark/Hive技术优先；3、良好的逻辑思维能力,优秀的分析和解决问题的能力,对挑战性问题充满激情；4、良好的团队合作精神,较强的沟通能力。"
32,深演智能,互联网/移动互联网/电子商务,"['100', '499']",硕士,20,40,3, 作为国内领先的全链路数据营销云平台厂商，品友拥有百亿级海量营销大数据，从数据“矿产”中挖掘出“宝藏”，发掘数据背后的商业价值，将亿级海量大数据的价值产品化、商业化的职业，未来在人才市场上具有很高的价值； 客户的业务增长和用户增长是商业主体永恒的话题，解决的是客户的刚需，该领域如果能有，且必须有有效的商业产品，市场价值和想象空间巨大； 每日面对百亿级数据量，寻找关键因子之间的关联性，不断假设、建模，试错，求证，就像爱迪生发明灯泡一样，朝着谜底不断探究最终带来了光明，即像是数学家也像发明家似的工作，充满思考和挑战。 在海量的稀疏数据中构建算法模型，接受最顶级难度的算法挑战和历练，此生再遇其他，感觉就像a piece of cake； 在复杂的业务场景中发现问题，用创新的数据挖掘分析方法解决实际业务问题，将数据科学和实践有效结合起来，参与到数据驱动变革的发展大潮流。, 技术能力和商业能力兼备，有很好的行业和客户口碑； 商业模式决定了人才配置上要求精英化，录用准入门槛高，可以与高密度的优秀人才一起共事； 前沿的人工智能行业充满探索和挑战，追求卓越的高管团队带领我们不断成长升级迭代，一年时光胜似三年； 扁平、开放、人际简单，鼓励独特而真实的个性和天赋，鼓励专业上不断精进及个人综合能力持续提升，能者就上。任职资格1、教育背景
33,字节跳动,互联网/移动互联网/电子商务,['10000'],本科,0,0,1,1、支持抖音/火山等多个产品线数据辅助业务增长需求，通过技术手段额外提升数十亿营收；2、基于千亿级视频观看、直播互动及用户付费数据对用户/作者/主播进行深入分析与研究，建立用户/作者/主播画像；3、基于短视频和直播等业务场景特点，设计高效增长/营销/定价/变现算法与策略，提升变现效率同时帮助作者/主播成长 ；4、全面了解业务发展，提供基于机器学习、深度学习、文本挖掘、复杂网络等算法方案解决复杂的实际业务问题。,1、有扎实的数据结构和算法功底，熟悉机器学习、自然语言处理、数据挖掘中一项或多项 ；2、具备强悍的编码能力，熟悉 linux 开发环境，熟悉 C++ 和 Python 语言优先；3、对推荐系统、计算广告、搜索引擎、风控系统相关技术有经验者优先 ；4、对于把大数据和人工智能技术能够应用到实际业务场景产生商业价值具有强烈的热情优先。
34,字节跳动,互联网/移动互联网/电子商务,['10000'],本科,0,0,3,1、负责团队技术规划、梯队建设、人才培养；2、支持抖音/火山等多个产品线数据辅助业务增长需求，通过技术手段额外提升数十亿营收；3、基于千亿级视频观看、直播互动及用户付费数据对用户/作者/主播进行深入分析与研究，建立用户/作者/主播画像；4、基于短视频和直播等业务场景特点，设计高效增长/营销/定价/变现算法与策略，提升变现效率同时帮助作者/主播成长；5、全面了解业务发展，提供基于机器学习、深度学习、文本挖掘、复杂网络等算法方案解决复杂的实际业务问题。,1、有扎实的数据结构和算法功底，熟悉机器学习、自然语言处理、数据挖掘中一项或多项；2、具备强悍的编码能力，熟悉 linux 开发环境，熟悉 C++ 和 Python 语言优先；3、对推荐系统、计算广告、搜索引擎、风控系统相关技术有经验者优先；4、热衷于技术创新，善于突破既有框架做出改变，善于运用有限资源针对具体问题拿到结果优先；5、对于把大数据和人工智能技术能够应用到实际业务场景产生商业价值具有强烈的热情优先；6、优秀的理解沟通能力，能快速理解业务背景，崇尚数据说话，深信数据在驱动业务、支撑决策上的价值优先。
35,字节跳动,互联网/移动互联网/电子商务,['10000'],本科,0,0,3,1、基于对用户和产品的理解和海量数据，参与产品、运营、研发等多种场景的数据分析、实验设计和效果改进和数据建模等；2、研究数据挖掘或统计学习领域的前沿技术，针对海量用户行为和内容信息，挖掘更有价值的高阶数据。,1、良好的逻辑思维能力，优秀的分析和解决问题的能力，对挑战性问题充满激情 ；2、精通 SQL，熟练使用R/Python进行数据清洗、分析，熟悉Hadoop/Spark/Hive等大数据相关组件；3、熟悉C/C++语言、Python、Java任意一种语言，有一定算法和数据结构功底；4、有IT大数据分析经验，有互联网公司数据分析经验、互联网数据建模分析经验者优先；5、数学、统计学、数据挖掘、机器学习、计算机等相关背景。
36,字节跳动,互联网/移动互联网/电子商务,['10000'],本科,0,0,1,1、负责头条用户产品相关业务的数据挖掘与分析； 2、建立用户产品数据分析模型，提供核心算法和基础特征，为推荐系统的搭建提供支持。,1、具备强悍的编码能力，扎实的算法和数据结构知识； 2、熟悉Python、Go、C++/Java中的一种，hadoop相关开源组件如
37,深演智能,互联网/移动互联网/电子商务,"['100', '499']",本科,30,60,8,"1、热爱数据,对数据及逻辑关系敏感,并对数据体系有深入的认识;2、本科以上学历、计算机/统计学/经济学等相关专业,8 年以上工作经验,2 年以上团队管理经验; 3、具备深厚数据建模(机器学习,数据挖掘,信息检索背景)和分析理论知识和经验;4、熟悉 Linux 平台的海量数据分布式存储、分布式计算; 5、精通常用的数据分析工具, 有基于 Hadoop 的云计算平台, HBase 及类似的 NoSQL 存储, MySQL,和 BI 系统等实践经验; 6、熟悉互联网并且对于互联网常见的业务形态与商业模式有深入的理解,对业务变化有敏锐的洞察力; 7、有较强的对业务理解与分析能力,了解业务规划与策划能力以及相应经验; 8、具备较强的问题定位、分解、解决能力及计划和组织能力; 9、善于创新、思维敏捷、精力充沛,沟通能力强,能够承受较大工作压力; 10、有电子商务或互联网数据仓库或商业智能架构设计、开发实施经验者优先。 ","1、负责构建公司数据分析与数据挖掘业务分析体系,整体架构设计、规划,充分发挥数据的价值,提高数据质量,促进公司业务更好的发展; 2、通过建立业务的数据分析模型来指导业务的发展,对数据库信息进行深度挖掘和有效利用,充分实现数据的商业价值,构建公司核心竞争力; 3、跟踪并分析用户行为,为公司广告业务的发展及产品的设计进行海量数据支持; 4、负责数据管理中心团队的建设、发展、激励、培训等管理工作,有效领导数据分析与挖掘团队支持和推 动业务发展。"
38,深演智能,互联网/移动互联网/电子商务,"['100', '499']",本科,15,20,3,"1、负责对互联网和移动互联网环境下的复杂问题进行数据建模并用数学方法解决； 2、负责或参与互联网网页抓取搜索广告相关的算法研发工作； 3、与架构工程师一起优化算法效果和性能；4、使用数据挖掘（分类classification, 聚类clustering, 协同过滤collaborative filtering）的算法。",1、计算机或相关专业，硕士及以上学历；2、两年及以上的开发工作经验；3、熟悉常用数据结构，有丰富的项目架构经验； 4、具有优秀的分析和解决实际问题的能力； 5、对算法具有浓厚的兴趣和热情。
39,北京三六九数动科技有限公司,互联网/移动互联网/电子商务,"['5000', '10000']",硕士,35,50,3,1. 全面了解银行、互联网金融及相关行业的业务特点和需求，领导团队完成风控和营销领域的数据挖掘、统计建模等工作（信用类、反欺诈、交叉销售等）；2. 基于海量互联网数据，挖掘客户的360度特征，识别客户身份，评估信用风险、消费能力，基于复杂网络挖掘客户的关联程度和关联类型等；3. 深入了解各个业务场景，通过机器学习、深度学习等技术，提升业务风险感知能力，自动推荐、更新风控策略，平衡业务风险-收益，保障业务正常发展；4. 应用先进的机器学习算法解决实际问题，并针对新的业务场景提出创新解决方案；5. 协助策略团队提出完整的业务解决方案。,1. 统计学、数学、人工智能、数据挖掘、机器学习、计算机等相关专业，硕士及以上学历；2. 3年以上数据分析、建模、机器学习和算法实施相关工作经验，3年以上零售银行/互金机构风险、营销模型相关工作经验，3年以上团队管理经验；3. 对机器学习、深度学习、迁移学习、复杂网络等有深入理解和实操经验，熟悉应用常用统计模型算法，如
40,北京亿赛通科技发展有限责任公司,计算机软件,"['100', '499']",本科,15,20,5,,
41,北京三六九数动科技有限公司,互联网/移动互联网/电子商务,"['5000', '10000']",硕士,25,35,2,1、运用大数据分析工具和技术解决风险管理、营销等业务中遇到的实际问题，如信用风险评估、反欺诈、交叉销售、推荐等，包括对模型进行设计、开发、验证、测试、部署及监控、优化；2、基于海量用户数据和特征，发现用户属性，建立数据挖掘模型，对用户进行评估，包括,用户风险评分、用户价值评分、用户偏好预测、用户个性化推荐等；3、评估数据源的质量和价值，能结合业务需求和场景，从各种数据维度中挖掘数据价值，并设计不同的模型，应用于不同的业务场景中；4、协助策略团队提出完整的业务解决方案。任职要求
42,知名上市头部游戏公司,,['0'],本科,30,60,3,,
43,某大型一线互联网公司,,['0'],本科,80,110,3,,
44,某大型一线互联网公司,,['0'],本科,90,120,3,,
45,某知名互联网金融公司,,['0'],本科,45,50,3,,
46,JR,,['0'],硕士,20,25,3,,
47,全球知名手机厂商,,['0'],硕士,120,200,6,,
48,国内领先的互联网新零售龙头企业,,['0'],硕士,40,60,4,,
49,北京友聚四海网络科技有限公司,中介服务,"['100', '499']",硕士,25,35,2,1、运用大数据分析工具和技术解决风险管理、营销等业务中遇到的实际问题，如信用风险评估、反欺诈、交叉销售、推荐等，包括对模型进行设计、开发、验证、测试、部署及监控、优化；2、基于海量用户数据和特征，发现用户属性，建立数据挖掘模型，对用户进行评估，包括,用户风险评分、用户价值评分、用户偏好预测、用户个性化推荐等；3、评估数据源的质量和价值，能结合业务需求和场景，从各种数据维度中挖掘数据价值，并设计不同的模型，应用于不同的业务场景中；4、协助策略团队提出完整的业务解决方案。任职要求
50,北京三六九数动科技有限公司,互联网/移动互联网/电子商务,"['5000', '10000']",硕士,25,35,2,1、运用大数据分析工具和技术解决风险管理、营销等业务中遇到的实际问题，如信用风险评估、反欺诈、交叉销售、推荐等，包括对模型进行设计、开发、验证、测试、部署及监控、优化；2、基于海量用户数据和特征，发现用户属性，建立数据挖掘模型，对用户进行评估，包括,用户风险评分、用户价值评分、用户偏好预测、用户个性化推荐等；3、评估数据源的质量和价值，能结合业务需求和场景，从各种数据维度中挖掘数据价值，并设计不同的模型，应用于不同的业务场景中；4、协助策略团队提出完整的业务解决方案。任职要求
51,北京三六九数动科技有限公司,互联网/移动互联网/电子商务,"['5000', '10000']",本科,20,30,2,1、运用大数据分析工具和技术解决风险管理、营销等业务中遇到的实际问题，如信用风险评估、反欺诈、交叉销售、推荐等，包括对模型进行设计、开发、验证、测试、部署及监控、优化；2、基于海量用户数据和特征，发现用户属性，建立数据挖掘模型，对用户进行评估，包括,用户风险评分、用户价值评分、用户偏好预测、用户个性化推荐等；3、评估数据源的质量和价值，能结合业务需求和场景，从各种数据维度中挖掘数据价值，并设计不同的模型，应用于不同的业务场景中；4、协助策略团队提出完整的业务解决方案。任职要求
52,大公,证券,"['100', '499']",硕士,15,25,4,,
53,清华大学天津电子信息研究院,电子技术/半导体/集成电路,"['100', '499']",本科,20,40,3,1.负责医保大数据系统的架构设计；2.负责大数据分析需求设计；3.负责项目成果在公司内的推广应用、培训，以及对外对内合作交流；,1.良好的口头和书面表达能力；2.计算机或相关专业本科以上学历；3.三年大数据平台开发方面相关工作经验；4.五年编程经验，熟悉Java，Python等语言；熟悉SQL/Hadoop/Hive/Hbase/Spark等大数据工具；熟悉数据库；5.具有BI系统的开发实施经验，能够独立开发设计数据仓库、ETL设计、Cube建模、OLAP开发、报表开发6等；一定的应用系统分析与设计能力，有良好、规范的编程习惯和文档编写习惯；6.具有以下经历优先考虑
54,北京知因智慧科技有限公司,IT服务/系统集成,"['100', '499']",本科,25,35,3,1、基于大数据挖掘算法，利用平台已有技术能力，负责把控每个项目的可行性和实施方案；2、负责智能策略逻辑设计与实现，包括智能评分、智能决策、业绩预测等业务的策略；3、利用平台已有技术能力，包括内容识别算法、行为识别模型等，构建与业务需求相匹配的策略体系；4、对平台用户行为数据进行分析和挖掘，建立数据模型，从数据中挖掘出用户的行为和消费习惯，通过数据挖掘对产品形成策略支持；5、理解业务部门的需求，从数据库提取相关数据进行处理分析，指导产品和业务部门的日常运营；6、建立和优化统计学和机器学习模型；7、与数据算法/工程师合作和沟通去实现应用在产品上的算法模型。,"1、本科及以上学历，统计学、计算机、通信等相关专业；2、编程基本功扎实，精通SAS、python等语言；3、具备3年以上互联网或金融行业数据挖掘经验，具备产品意识和数据分析能力，熟悉回归，分类等常见机器学习算法；4、具有数据处理，特征选择、算法调优、效果评估等相关工作经验；5、逻辑清晰，对数字敏感；学习能力强，热爱编程；有良好的团队合作及抗压能力、有强烈的主人翁意识推进事务进展；6、有深度学习平台如Tensorflow，pytorch等使用经验或大数据实时处理如hive,Spark等经验优先"
55,TalkingData,互联网/移动互联网/电子商务,"['500', '999']",本科,15,30,2,1.    参与业务分析、增强对核心用户群体的认知，制定关键指标并得出有效结论或量化模型；2.    负责金融方向客户大数据应用，利用机器学习建立金融行业数据模型，包括特征工程、数据建模、模型测试评估及模型应用等工作；3.    建立高价值客户挖掘模型、产品推荐模型、RFM模型、流失预测等业务模型，基于模型结果提升客户业务价值；4.    根据客户现场的项目形态及需求，进行客户沟通和业务规划，组织或参与项目的开发，管理，建模，验证等工作；,1. 本科及以上学历，具有统计、数学、计算机类专业背景，有金融行业建模经验优先；2.具备较强的工程能力，扎实的数据结构和算法基础，熟悉Hadoop、Hive、Spark优先；3.对金融业务有较深理解，2-3年金融方向相关分析和建模经验；4.自我驱动能力很强，积极学习能力较强，善于沟通和思考，团队协作能力优秀；5.熟悉Python/R/SAS/SQL，至少3年以上数据挖掘、机器学习相关经验，至少亲身完成一个中大型建模项目；
56,TalkingData,互联网/移动互联网/电子商务,"['500', '999']",硕士,25,40,3,1、参与TD保险行业用户分群、反欺诈模型的搭建和保险行业数据中台的主题数据库设计； 2、运用机器学习相关技术，对海量数据进行处理和分析，开发机器学习模型及算法来预测特定指标，如用户行为模型、用户倾向等;  3、能够清洗整理数据、理解数据、探索数据、制定模型方案、特征工程等；4、跟进数据挖掘，机器学习相关技术的业界发展，并合理的运用到实际产品中;,"1、在统计/数学/计算机/机器学习相关领域拥有硕士及以上学位。在分析、预测、优化方向有实际应用经历。对数据敏感，喜欢并善于从数据中发现规律2、熟悉非结构化数据的特征抽取方法，包括但不限于序列建模,autoencoder，因果模型等3、熟悉大数据平台，在机器学习模型和算法方向有应用经验，具备基于移动端大数据建模业务经验者优先， 具备管理经验优先。4、熟悉常用算法编程语言，了解开源机器学习框架及进展。5、有保险行业数据分析经验者优先。"
57,医药魔方,电子商务,"['50', '99']",本科,0,0,1,,
58,彩虹无线,互联网/移动互联网/电子商务,"['100', '499']",本科,20,30,3,1.带领团队理解车联网数据分析业务需求，运用统计建模，数据挖掘，机器学习方法解决实际问题；2.带领团队利用车联网数据的挖掘，通过用户标签体系构建及模型构建，面向车辆的安全性评估，驾驶行为风险评估等应用提供模型及算法支撑3.带领团队负责模型的开发，评估，部署，监控优化工作；4.带领团队负责深入业务，利用对数据的理解支撑各个业务部门的数据决策任职要求/key sk,1.具有统计学，计算机，数学相关专业背景，掌握扎实的统计学，数据挖掘，机器学习理论基础； 2-3年工作经验2.具备工程开发能力，熟练掌握python/R编程语言3.具有数据挖掘，机器学习相关项目经验4.自我驱动能力，对新技术有强烈求知欲和学习能力5.良好的英语听说读写能力，良好的团队沟通合作能力具备以下条件优先1.参加过kaggle或类似比赛并获得不错名次2.在有影响力的会议或期刊发表过数据挖掘，机器学习相关论文3.有车联网数据挖掘，自动化风控，征信，互联网金融相关经验4.参与过商业化的模型（分类器，推荐系统，NLP模型等）落地项目
59,TalkingData,互联网/移动互联网/电子商务,"['500', '999']",本科,25,40,3,1.     负责金融领域的大数据应用，利用机器学习建立金融行业数据模型，包括特征工程、数据建模、模型测试评估及模型应用等工作；2.     建立高价值客户挖掘模型、产品推荐模型、RFM模型、流失预测等业务模型，基于模型结果提升客户业务价值；3.     根据一方和三方数据源，对数据进行甄别、清洗和整合,1.     本科及以上学历，具有统计、数学、计算机类专业背景，有金融行业建模经验优先；2.     熟悉Python/R/SAS，至少3年以上数据挖掘工作经验，至少亲身完成一个中大型建模项目；3.     熟悉各类机器学习算法，包括分类、逻辑回归、XGBoot、随机森林等，精通有监督式学习，无监督式学习，使用最优化理论提升模型性能；4.     自我驱动能力很强，积极学习能力较强，善于沟通，团队协作能力优秀；5.     对银行业务特别是零售银行、风控业务了解优先
60,国内知名股份制商业银行,,['0'],硕士,51,66,5,,
61,北京知名信息流公司,,['0'],本科,40,70,5,,
62,某大型互联网汽车公司,,['0'],不限,50,80,3,,
63,成都道合世纪人力资源管理有限公司,,['0'],本科,20,30,3,,
64,某国内知名互联网公司,,['0'],本科,35,55,3,,
65,top互联网公司,,['0'],本科,50,70,4,,
66,一家专注于SD-WAN的新创公司,,['0'],本科,50,75,5,,
67,某知名资讯类公司,,['0'],本科,25,40,4,,
68,某国企大型环保公司,,['0'],硕士,20,40,2,,
69,中国知名互联网企业集团,,['0'],博士,60,80,4,,
70,某咨询公司,,['0'],本科,30,60,3,,
71,知名智慧城市科技公司,,['0'],本科,15,30,5,,
72,某股权投资管理有限公司,,['0'],不限,20,30,3,,
73,纽交所上市互联网公司,,['0'],本科,60,90,5,,
74,中国领先的数字地图内容、行业应用解决方案提供商,,['0'],本科,20,30,3,,
75,深圳知名互联网公司,,['0'],本科,70,100,4,,
76,信息技术有限公司,,['0'],本科,25,35,3,,
77,国汽(北京)智能网联汽车研究院有限公司,自动驾驶,"['100', '499']",本科,0,0,3,1) 基于实车测试和驾驶模拟实验数据，进行针对驾驶人、车辆、环境参数的数据挖掘；2) 驾驶人行为建模，以及对模型的参数分析与标定。 ,1) 优秀的统计学基础，具备3年以上数据挖掘和机器学习的工作经验或科研项目经验；2）具备驾驶员行为分析经验或人因工程学基础的应聘者优先；3）有驾驶执照，对驾驶辅助系统或智能网联汽车有基本了解；4) 车辆工程、工业工程、机械工程、自动化、统计学、心理学等相关专业，国家统招重点院校本科及以上学历；5) 有较强的沟通能力和逻辑表达能力，责任感强，具备良好的团队合作精神和主动意识，良好的自我驱动和学习能力。
78,东方微银科技(北京)有限公司,互联网/移动互联网/电子商务,"['100', '499']",本科,10,20,2,一线互联网公司工作经验【福利待遇】1、行业内有竞争力的薪资；2、全额五险一金；3、双休，带薪年假，餐补，通讯补，生日礼，定期体检；4、愉悦的文化氛围，丰富多彩的不定期员,
79,腾讯,互联网/移动互联网/电子商务,['10000'],本科,0,0,3,负责地图的大数据,应用机器学习/深度学习技术，针对位置、轨迹、内容等海量信息进行数据建模，解决基于基础数据的挖掘等核心问题；跟踪深度学习在工业界以及学术界的最新研究成果。任职要求
80,新美互通,社交网络,"['100', '499']",本科,20,30,2,1. 承担大规模分布式数据平台的开发和数据挖掘工作2、使用数据分析、数据挖掘的方法，让数据产生价值,1. 计算机相关专业本科及以上学历2. 扎实的计算机基础，熟悉 Scala/Python/Go/Java 等编程语言之一3. 有一定的分布式计算经验和能力，熟悉 Hadoop、Spark 等分布式存储和计算平台4. 有推荐/搜索/广告等系统的机器学习算法经验优先5. 有通用爬虫与大规模数据挖掘经验优先6. 具有良好的沟通能力和团队合作精神7. 做事认真细心，责任感强
81,腾讯,互联网/移动互联网/电子商务,['10000'],不限,0,0,3,建设支持海量数据的分析挖掘、机器学习与决策支持系统；负责应用数据挖掘，机器学习方法建立数据模型，为业务决策、风险管控、产品特性的优化提供数据支持；负责对用户特征和行为数据做深入分析，建立数据模型，挖掘目标用户等；协助业务部门进行数据分析与解读，并提供优化策略，基于数据挖掘建模，以数据驱动新闻用户增长；	计算机、数学、统计、数据挖掘等相关专业本科及以上学历；,3年以上大规模数据分析、挖掘等相关工作经验；熟悉聚类、分类、回归、等常见的算法及原理，有大量的实际建模经验；熟练使用C/C++、Java、Python、R语言等编程语言与工具（一项或多项）；熟练基于Hadoop/Spark的平台进行开发，具备较强的数据敏感度，能从海量数据中挖掘出数据核心价值；数据敏感，有良好的逻辑思维能力，较强的沟通能力和团队合作精神，勇于承担工作压力。
82,智协慧同(北京)科技有限公司,计算机软件,"['1', '49']",本科,12,20,0,1、利用特征工程、机器学习等数据分析技术，研究算法解决客户问题。 2、为公司的数据引擎开发增加新算法，通用化算法参数，增强公司产品在智能汽车与出行领域的领先性。,1、计算机、统计相关专业本科及以上学历，数据挖掘分析领域工作经验，可接受实习生；2、理解分类、聚类、关联、回归、异常检测、特征工程等算法原理，具备优秀的数据建模能力；3、熟练掌握Java、C++等至少一种语言，能够在通用算法上开发改进，有SparkML、Tensorflow或其他框架算法开发经验者优先考虑；4、有较好自学能力，逻辑思路，具有算法推导能力者优先考虑。5、能适应一定的出差。
83,美林数据技术股份有限公司,计算机软件,"['100', '499']",硕士,10,20,1,,
84,赛纳生物科技(北京)有限公司,医疗设备/器械,"['50', '99']",本科,0,0,0,1.完成高通量测序实验的流程化数据分析人物；2.分析测序数据中存在的缺陷并上报；3.完成领导交办的其他工作。,1.本科或硕士学历，专业不限；2.熟悉Matlab或Python编程，两者均擅长者优先；3.了解一定的统计学知识和数据可视化方法；4.具备较强的学习能力和团队协作能力。
85,吧咔科技,互联网/移动互联网/电子商务,"['50', '99']",本科,10,30,2,1、负责电商和内容APP的数据抓取系统，数据清洗系统的研发工作；2、负责数据结构化、标签化工作，包括分类挖掘，专有名词识别等；3、负责电商领域知识图谱的构建工作；,1、全日制统招本科及以上学历，计算机相关专业，2年以上相关工作经验； 2、较强的编码实现能力，熟悉python/java，熟悉常用数据结构算法；3、熟悉http协议，熟悉计算机网络相关知识，对网络安全有一定了解；4、了解基本的前端知识，了解html/css/javascript5、熟悉mysql，redis等常用数据存储应用，熟悉消息队列使用。加分项
86,某大型资管公司,,['0'],硕士,50,65,4,,
87,安徽汇思,,['0'],本科,30,60,3,,
88,国内知名一线互联网公司,,['0'],硕士,25,50,2,,
89,Sender,,['0'],本科,20,40,2,,
90,某著名财产保险公司,,['0'],本科,40,70,2,,
91,知名全国性商业银行,,['0'],本科,25,40,3,,
92,某头部互联网企业,,['0'],本科,25,50,4,,
93,北京感易智能科技有限公司,计算机软件,"['1', '49']",硕士,20,40,3,1、	负责金融领域NLP&amp;DL基础算法设计开发、优化及封装服务化落地2、	负责金融领域NLP&amp;DL应用算法设计开发、优化及封装服务化落地，包括文本分类、文本摘要、情感分类等,"1、重点大学计算机或相关专业，硕士研究生及以上学历2、3年及以上自然语言处理/机器学习/数据挖掘/深度学习/信息检索等相关方向工作经验3、理解并熟练运用机器学习/自然语言处理常用算法/工具，熟悉CNN, LSTM, CTC, Attention model, 至少熟练掌握一种框架4、善于思考，良好的逻辑思维能力、代码编写能力和习惯  5、热爱机器学习/深度学习，具有强烈的研究兴趣与学习意愿以及良好的沟通协调能力和团队合作意识6、有NLP领域Top会议或SCI期刊论文发表者优先"
94,某大型保险公司,,['0'],不限,15,25,0,,
95,泰康人寿保险有限责任公司,保险,['10000'],硕士,0,0,3,1、	利用数据挖掘技术，通过机器学习技术构建保险风险评估、销售匹配等模型2、	负责对大数据进行可视化分析以及报告撰写；3、	利用数据分析和模型解决问题，改进业务流程，提升用户体验。,1、至少精通一种以上数据挖掘工具SPSS Modeler、SAS EM、R、Mahout；2、熟悉主流的神经网络架构，3、精通机器学习常用的算法；3、计算机、数学、统计、精算相关专业背景；4、两年以上机器学习经验；5、具备良好的沟通能力和团队合作精神
96,外资500强医药企业,,['0'],本科,12,15,3,,
97,字节跳动,互联网/移动互联网/电子商务,['10000'],本科,0,0,0,1、挖掘站内外海量数据，构建用户基础属性和偏好画像；2、了解内容质量安全评估业务，基于数据驱动行业开拓和效果优化；3、搭建数据挖掘平台和特征库，建立标签上线评估标准化流程；4、分析现有数据，探索平台业务内容质量水平。,"1、精通SQL，市场主流的BI工具开发设计，优秀的编码与代码控制能力, 有扎实的数据结构和算法功底；2、良好的逻辑思维能力，能够从海量数据中发现关键特征；3、熟悉linux开发环境，熟悉C++和python语言。"
98,北京东方金信科技有限公司,计算机软件,"['100', '499']",本科,8,15,0,1、负责实施项目中数据收集、整理、分析及数据分析体系搭建；2、承接业务部门数据需求，从数据中发现规律和变化；3、参与构建各种分析模型，利用统计分析方法、挖掘算法进行建模，发现潜在规律；4、可以独立承担从需求沟通、数据分析报告编写等；,1、本科及以上学历，计算机技术、数学、统计学相关专业；2、熟练掌握至少一种数据分析工具和技术，如R、Matlab、Python等；3、熟练掌握至少一种数据库工具和技术，如Oracle、MySQL等数据库，熟悉SQL；4、具备良好的分析和解决问题的能力；5、对机器学习、数据挖掘、人工智能等研究方向在业界的动态、应用、创新等最新研究有热情；
99,亚信科技,通信(设备/运营/增值),['10000'],硕士,0,0,4,1、对电信客户行的用户行为、业务行为等多种数据类型进行分析、建模，挖掘客户的潜在价值；2、针对具体分析专题，负责和客户的沟通、专题设计、专题实现及分析挖掘成果展示汇报；3、负责数据分析、数据挖掘团队的建设；4、负责市场前端业务的拓展支撑。,1、计算机或数学硕士及以上学历，优秀本科也可，4年以上机器学习/数据挖掘相关的工作经验；2、熟悉常见数据挖掘及机器学习算法，如回归、分类、聚类等； 熟练掌握R/Python语言，至少掌握一种编译型语言（C/C++/Java等）；3、擅长从海量数据中发现有价值的规律，强/弱的相关性关系；4、熟悉Oracle、Hive、HBase等数据库，有处理海量数据经验者优先；5、良好的团队合作精神，有用担当；6、有通信行业相关经验优先。
100,艺恩,影视/媒体/艺术/文化/出版,"['50', '99']",本科,0,0,3,1、负责相关数据模型的开发设计，并提出新的研发方向或优化建议；2、挖掘海量数据，利用数据分析、数据挖掘相关技术，构建用户画像；3、技术创新及数据挖掘，协同业务部门持续创造客户价值,1、本科及以上学历，数学、统计、计算机、经济学专业；2、3-5年相关工作经验，有过运营商数据建模经验优先；3、熟悉聚类、分类、回归、图模型等机器学习算法，对常见的核心算法熟练应用，有实际建模经验；4、熟练使用Python/Java/C++之一，具有面向海量数据的机器学习/数据挖掘研发经验，具备良好的算法实现能力5、对文娱行业有一定兴趣，乐于挑战，主动性强、思维逻辑能力强，良好团队合作精神。
101,某知名企业,,['0'],本科,24,38,2,,
102,北京某知名独角兽互联网公司,,['0'],本科,30,60,3,,
103,某纺织工业互联网科技公司,,['0'],本科,20,40,3,,
104,知名集团公司,,['0'],不限,25,45,5,,
105,知名高科技互联网公司,,['0'],本科,50,80,5,,
106,知名高科技互联网公司,,['0'],本科,50,80,5,,
107,某一线互联网大厂,,['0'],本科,35,65,3,,
108,大型互联网公司,,['0'],不限,25,50,3,,
109,美团点评,互联网/移动互联网/电子商务,['10000'],硕士,30,50,3,1.  业务风控策略及,基于海量全链路业务数据，运用数据挖掘技术进行建模，解决业务的各种风险问题（交易安全、营销安全、账号安全、渠道推广安全等）2.  业务风控核心基础能力建设
110,字节跳动有限公司,互联网/移动互联网/电子商务,['10000'],本科,25,50,0,,
111,京东物流,交通/物流/运输,['10000'],本科,30,50,3,1.使用统计学的方法对推广数据的整理、清洗、可视化分析;2.监控日常业务数据，发现其中异常的指标并提炼成业务规则;3.利用数据挖掘相关算法和工具进行应用试验和探索;4.参与内部数据平台的开发，编写代码实现相关的业务规则。,"1. 3年以上互联网相关经验,计算机、信息技术、统计学等专业本科及以上学历; 2. 熟练使用Excel,能根据业务数据模型编写复杂SQL;3.熟练掌握至少一种开发语言，有使用python进行数据分析的经验，如pandas/numpy/Jupyter notebook等；4.有Hadoop、Spark等大数据工具的实践使用经验;5.熟练掌握决策树、逻辑回归、聚类等常用算法，且有丰富的实际应用经验。"
112,字节跳动,互联网/移动互联网/电子商务,['10000'],本科,0,0,3,1、负责头条系产品相关业务的数据挖掘与分析，针对海量用户行为和内容信息，挖掘头条用户关系、留存因素等；2、基于对用户理解和大量数据特征，建立用户产品数据分析模型，并参与产品方向设计和效果改进。,1、良好的逻辑思维能力和优秀的分析能力，对数据分析有强烈兴趣者优先；2、精通 SQL，熟练使用R/Python进行数据清洗、分析，熟悉Hadoop/Spark/Hive等大数据相关组件；3、熟悉C/C++语言、Python、Java任意一种语言，有一定算法和数据结构功底；4、有IT大数据分析经验，有互联网公司数据分析经验、互联网数据建模分析经验者优先；5、数学、统计学、数据挖掘、机器学习、计算机等相关背景优先。
113,字节跳动,互联网/移动互联网/电子商务,['10000'],本科,0,0,5,1、负责字节跳动AI数据平台相关的数据项目的设计和研发2、为业务功能需求/产品设计/运营提供有力支持；3、海量日志清洗加工，并抽象出可以多业务复用的数据模型。,1、本科及以上学历，计算机、通信等相关专业； 2、有扎实的编程能力，有优秀的设计和代码品位，有独立的代码实现能力 ；  3、深刻理解计算机原理，有良好的数据结构和算法基础；4、熟悉数据采集、清洗入库、统计计算、Web展示核心要点，可实现指标计算需求；5、熟悉至少一个分布式框架，如 Hadoop/YARN、Hive、Spark、Kafka、Clickhouse等；6、优秀的理解沟通能力，能快速理解业务背景，责任心强，具有良好的团队沟通与协作能力；7、有大数据处理、数据平台、数据仓库经验者或数据挖掘算法优先；
114,融慧金科金融服务外包(北京)有限公司,互联网金融,"['100', '499']",本科,15,25,0,应用机器学习和统计分析等先进建模方法，充分利用海量数据进行金融数据产品的开发，涵盖所有信贷产品的各个风控环节的信用和反欺诈产品，同时支持ABS资产分层、小微企业评估和保险类产品的开发等,"1）本科以上学历，硕士以上学历优先，数学、统计、计量经济专业优先2）具有扎实的统计学基础，及一年以上数据分析和建模工作经验，具有很强的数据分析与统计建模或机器学习建模能力3）熟练应用常用的统计和机器学习模型（LR、GBDT、DNN、kNN、SVM等）4）至少能熟练使用Python、R、SAS中一种工具，进行数据分析和建模5）熟悉Neo4j, Spark GraphX等图数据库或计算引擎者优先6）有信贷反欺诈策略或者模型经验者优先7）善于学习、责任心、好奇心和良好的沟通能力"
115,中国空间技术研究院,航空/航天,['10000'],硕士,15,30,3,1、基于本单位业务数据，设计基础数据分析平台，建立数据分析模型和数据监控系统；2、与相关业务部门密切沟通，挖掘相关数据需求，实现数据提取、清洗、结构化、入库、统计分析等需求；3、通过典型场景，实现本单位相关业务数据的采集、抓取和优化工作，通过特征抽取和建模，实现多源数据关联融合，分析其行为特征；4、对接外部软件数据接口；5、参与相关科研课题和其他项目研究工作。,1、全日制硕士以上学历，计算机、统计学、数学等专业；2、有扎实的计算机基础、熟悉常用数据结构，3年以上开发经验；3、精通信息抓取和整合技术，从结构化和非结构化数据中获取信息；4、熟悉破解反爬机制及爬虫路由调度策略；5、熟悉mysql，mongodb，redis等数据库；6、具有数据挖掘、信息检索、机器学习背景者优先；7、熟悉搜索引擎和个性化推荐相关技术，精通主流分词算法、分类、提取摘要、大规模网页聚类、索引、检索等相关开发经验者优先
116,字节跳动,互联网/移动互联网/电子商务,['10000'],硕士,0,0,3,1、负责字节跳动AI数据平台相关的数据项目的设计和研发；2、负责字节跳动AI数据相关的处理工作；3、负责字节跳动AI相关模型的数据调优工作；4、负责数据加工模板设计、流程追踪、任务管理、质量监控、和验收。,1、硕士及以上学历，计算机、通信、统计、数学、人工智能等相关专业； 2、擅长Python，熟悉数据挖掘、机器学习、人工智能技术，熟悉web前端（html，js等）相关知识；3、基于采集数据、用户基础属性数据、用户行为数据等建立并持续优化标签体系与画像模型；4 、负责知识图谱类型的数据构建，包括知识抽提、实体识别等；开发和搭建一整套数据链路，包括抓取、结构化抽取、存储等；5、对数据有一定敏感度，有海量数据挖掘实际经验者优先。
117,字节跳动,互联网/移动互联网/电子商务,['10000'],本科,0,0,5,1、负责抖音电商数据挖掘团队项目规划和团队建设，打造行业领先的算法团队；2、依托抖音和头条电商的大规模商品、内容以及用户和创作者行为数据，挖掘和预测热门商品，优化创作者选品模型，通过算法模型促进商家和创作者高效匹配，不断提升抖音内容电商效率。,1、熟悉统计机器学习理论，熟悉常见分类、聚类机器学习和深度学习算法；2、熟悉C++/Java/Python，具备优秀的编码能力，至少熟悉一种常见的机器学习/深度学习平台；3、两年以上算法研发经历，计算机相关专业本科以上学历；4、有钻研精神，主观能动性强，能适应快速变化的业务需求，具备良好的团队合作精神和沟通技巧；5、有算法团队leader经验者优先。
118,字节跳动,互联网/移动互联网/电子商务,['10000'],本科,0,0,3,1. 为字节跳动全系产品提供增长受众定向数据支持，包括不限于头条、西瓜视频、抖音、TikTok等；2. 为用户增长智能运营系统提供基础数据挖掘支持，包括用户画像挖掘、素材挖掘等；3. 参与打造用户增长体系基础数据体系，包括离线数据建设以及在线服务设施和平台建设。,"1. 熟悉多项大数据处理/分析相关的工具/框架，e.g.  Hadoop, Mapreduce, Hive, ElasticSearch，Storm, Spark, Flink etc；2. 强悍的编码能力，生产环境快速 trouble-shooting能力，对新技术有强烈的学习热情；3. 优秀的理解沟通能力，能快速理解业务背景，对数据敏感，崇尚数据说话，深信数据在驱动业务、支撑决策上的价值，有web应用开发能力者优先；4. 具有海量数据上的统计与聚类、分类经验者优先，具有用户画像项目实践经验者优先。"
119,字节跳动,互联网/移动互联网/电子商务,['10000'],本科,0,0,1,1. 深入理解商业化和广告审核业务，运用数据挖掘、机器学习、深度学习等技术，帮助提升广告审核效率；2. 内部数据产品如机器学习平台、爬虫等的开发和维护；3. 支持业务方及团队内部的开发需求。,1. 熟练掌握Hadoop、MapReduce、Hive、Spark等大数据处理工具/框架；2. 精通Python语言，有扎实的数据结构和算法功底，有工程实现能力；3. 熟悉常用的机器学习算法如LR/决策树/Kmeans等；熟练使用深度学习框架 TensorFlow/Pytorch/Keras其中的一种或者多种，了解深度网络中各种结构如RNN/CNN/Attention的原理和作用；4. 持续学习，保持跟进深度学习领域最新研究方向。对前沿深度学习模型如Bert/GPT/GAN等网络了解者优先。
120,字节跳动,互联网/移动互联网/电子商务,['10000'],本科,0,0,3,1、基于每日百亿级用户行为，分析和挖掘海量数据，发现用户行为模式与规律，提高风控业务效果；2、建立完善的异常指标监控体系，快速发现及定位疑似作弊问题；3、建设风控用户画像平台；4、评估各类数据的挖掘能力，产出挖掘成果，给风控PM或业务做判断。,1、极强的数据敏感性，善于学习，思维活跃，善于从数据中发现/思考并解决问题；2、熟悉并掌握数据挖掘常用算法，了解算法原理，能够针对具体问题选择合适算法解决问题，清楚算法适用背景，有实际使用经验；3、熟悉C++、JAVA、python中的一种或多种编程技术，编程能力强，熟悉大数据处理技术，善于学习应用业界领先数据架构和技术；4、有反作弊用户行为分析、社群关系挖掘经验者尤佳，大规模用户画像挖掘优先。
121,港交所上市科技服务平台,,['0'],本科,50,70,3,,
122,国内知名互联网大厂,,['0'],硕士,30,60,3,,
123,知名某互联网大厂,,['0'],本科,30,60,3,,
124,中国空间技术研究院,航空/航天,['10000'],本科,0,0,0,中国空间技术研究院卫星应用总体部,北京工作经验
125,互联网一线大厂,,['0'],不限,30,50,5,,
126,互连众信科技,人工智能,"['2000', '5000']",硕士,15,25,2,1.参与业务项目，包括自然语言处理、用户行为分析建模等,1.有较好的理论基础和快速的学习能力2.有较好的编程实现能力，熟练使用python以及tensorflow等深度学习框架、熟悉Linux开发环境3.对常用机器学习/深度学习算法有一定的理解，包括但不局限于
127,DD,,['0'],本科,25,40,3,,
128,在线途游(北京)科技有限公司,游戏产业,"['100', '499']",本科,0,0,0,1、参与设计和开发大数据分析与数据挖掘等系统；2、基于实际业务需求建模，设计高效算法，并对其进行验证和实现；3、应用数据挖掘及其相关技术进行数据分析；4、关注前沿技术和算法，并结合实际业务进行预研。,1、计算机、数学、统计等相关专业，统招本科及以上学历；2、熟练使用Python语言，熟悉Hadoop、Spark、HBase等主流大数据技术和工具；3、熟悉常见数据挖掘和机器学习算法及其原理、评价方法和适用条件，能根据业务建立挖掘模型，选择最优算法并实现；4、能够阅读英文技术文档及论文，具有良好的自学能力，可以快速学习和掌握新的方法和技术；5、具有良好的分析及解决问题的能力、协作沟通能力，具有积极的工作态度，较强的责任心；6、了解常用数据挖掘工具，具有1年以上数据挖掘算法开发经验优先。
129,乐普,医疗设备/器械,"['2000', '5000']",本科,10,20,3,本科及以上学历，数学，统计，物理，计算机及相关专业。,3年以上相关工作经验。基本知识
130,互连众信科技,人工智能,"['2000', '5000']",本科,15,25,2,1. 参与业务项目，包括自然语言处理、用户行为分析建模等。,1. 有较好的理论基础和快速的学习能力；2. 有较好的编程实现能力，熟练使用python以及tensorflow等深度学习框架、熟悉Linux开发环境；3. 对常用机器学习/深度学习算法有一定的理解，包括但不局限于
131,美团点评,互联网/移动互联网/电子商务,['10000'],硕士,0,0,3,,	负责小象新零售智能算法，通过算法来提升新零售各个环节效率。具体工作包括但不限于销量预测、智能营销、智能定价、智能画像等。	指导中低阶算法工程师，关注他们的成长并协助解决遇到的问题。	善于从业务中抽象问题，并选择合适的算法解决问题，技术难题攻关。	与业务、产品团队密切合作，支撑支持新零售业务。岗位要求
132,北京快手科技有限公司,社交网络,"['5000', '10000']",本科,20,50,3,1、负责广告结算计费系统开发、维护和优化；2、负责离线数据统计、广告报表产出分析、效果监测、归因分析和商务支持；3、负责DMP系统研发和算法；4、负责广告业务商业分析。,1、熟悉机器学习、数据挖掘知识，具备5年以上工作经验；2、对数据敏感，有较强数据分析、逻辑推理能力和解决问题能力；3、有耐心，能冷静的分析和解决问题；4、有广告数据分析经验优先；5、有创业者基因
133,线下实体互联网公司,,['0'],硕士,40,50,6,,
134,国内知名互联网公司,,['0'],本科,20,33,5,,
135,某上市互联网电商集团,,['0'],硕士,70,100,4,,
136,北京某知名互联网科技公司,,['0'],本科,25,35,3,,
137,北京微聚未来科技有限公司,互联网金融,"['500', '999']",本科,30,40,3,负责三方数据源评估、接口开发、联合建模负责机器学习框架的构建和功能开发,精通python数据分析、接口开发丰富的python工程化经验主动独立地地辨识较为复杂的业务问题，并转化成分析目标和详细需求沟通良好，能够独立计划并负责各类自主专项项目的组织和执行，输出各类分析报告有创新意识、协作意识，自我驱动力强，具备很强抗压能力技能要求
138,北京微聚未来科技有限公司,互联网金融,"['500', '999']",本科,25,50,5,1. 负责数据中心部门的数据挖掘、模型训练、优化2. 负责数据中心机器学习框架的构建和功能开发3. 有创新意识、协作意识，自我驱动力强，具备很强抗压能力,1. 熟悉金融风控模型的构建2. 博士/硕士学历，数学、统计学，计量经济学或IT专业毕业3. 主动独立地地辨识较为复杂的业务问题，并转化成分析目标和详细需求4. 沟通良好，能够独立计划并负责各类自主专项项目的组织和执行，输出各类分析报告技能要求
139,舆情早报网,计算机软件,"['500', '999']",本科,20,30,5,1.领导项目团队完成数据处理相关的应用系统规划、需求分析、设计、开发、测试等工作；2.进行项目计划，管理项目成本、进度、质量与风险 、代码review和团队激励；3.工作认真、负责、仔细，有良好的团队管理能力，优秀的分析能力、沟通技巧、学习能力；4.熟悉数据挖掘方法和文本数据处理方法；,1.本科及以上学历，计算机，数学或相关专业；2.五年以上工作经验，对自然语言处理、人工智能等具有浓厚的兴趣；3.精通业务需求分析方法，优秀的沟通能力，对需求管理理解深刻；4.至少管理过3个完整的数据处理和分析项目；5.熟悉NLP领域一些开源的算法库或工具，比如
140,北京微聚未来科技有限公司,互联网金融,"['500', '999']",本科,40,70,3,1.基于新浪全量数据，负责信用模型开发及迭代，对模型上线后效果负责；2.结合各方数据源，完善反欺诈模型体系，对模型上线后效果负责；3.负责开展用户画像、基础属性、社交关系的数据挖掘；4.跟进业内最新技术的研究并探索结合业务的方法。,1.计算机或者相关专业硕士以上学历，3年以上相关工作经验；2.熟练使用 C++/JAVA/PYTHON中的一种，熟悉 Linux 开发环境和shell；3.熟悉数据挖掘、推荐、搜索、深度学习、机器学习等算法；4.熟悉分布式数据处理系统的开发，如hadoop / spark / hive /  hbase等；5.优秀的分析问题、解决问题能力，对挑战性问题充满激情。
141,医渡云,互联网/移动互联网/电子商务,"['100', '499']",本科,15,30,3,负责药企业务的研发，以及后续的新业务和项目的开发。1. 项目业务模块的设计与开发工作； 2. 接口规范制定以及接口文档的编写; 3. 数据结构设计以及文档的编写；,"1. 3年以上 python/php/java 开发经验, 独立开发过项目／模块， 有数据统计及计算方面开发经验的优先。2. 熟悉MYSQL数据库并有查询优化经验。熟练使用redis, mongodb等 NoSQL，熟悉mongodb 存储机制。3. 熟悉Linux 基本操作和命令，会 Shell脚本。3. 有良好的编码规范/风格及文档书写习惯，有代码洁癖（代码工整、注释多），重视code review。4. 沟通与表达能力强，善于学习，乐于分享，能独立分析和解决问题。对技术有钻研精神。5. 使用过svn/git 版本控制软件，熟悉其常用的操作命令。"
142,民生银行,银行,['10000'],本科,0,0,2,1.负责数据挖掘和建模项目的研发工作，全程参与项目的接洽、立项、设计、实施、测试、验收、推广等工作；2.使用行内现有或其他开源工具独立完成数据挖掘的工作，包括数据抽取、预处理、特征工程、数学建模、算法优化等；3.完成业务部门的其他数据统计分析需求；4.完成科技部数据及相关技术管理工作等。任职要求1.年龄35周岁（含）以下，计算机、统计学、数学等相关专业，全日制本科及以上学历，硕士及博士研究生优先；2.具有2年及以上数据分析与挖掘经验，熟悉银行业知识，对金融产品有一定了解，具有银行从业经验者优先考虑；3.掌握算法和模型实施的相关知识，熟悉业内主流算法及相关流程；4.熟悉SQL类语言及关系型数据库，熟练掌握至少一种建模工具如Python、SAS、JAVA、Matlab等，了解shell等脚本,如您对职位感兴趣，请到中国民生银行招聘官网投递简历，谢谢！
143,北京鉴衡认证中心有限公司,检测/认证,"['100', '499']",本科,15,25,1,1、负责SCADA数据分析市场需求调研；2、利用SCADA数据和机组运维数据进行风机运行状态、发电量、可利用率等分析；3、负责故障预测等基于SCADA数据的数据挖掘。,1、熟练使用python、matlab或R语言中的其中一种；2、有1年以上SCADA等风电机组相关数据分析经验；3、有3年以上风电或其他可再生能源领域行业相关经验；4、具有良好的逻辑思维和沟通能力。
144,世界500强IT/互联网公司,,['0'],本科,67,83,5,,
145,中国广核集团有限公司,能源(电力/水利),['10000'],本科,0,0,5,1、负责工业大数据分析产品、工业APP的算法及应用的开发，分析应用设计，及工业数据分析项目实施，包括业务需求分析，模型抽象，算法开发，数据流开发，大数据平台实现等；2、应用数据挖掘手段，为企业改进产品开发、生产制造、经营决策以及探索制造服务平台新商业模式，提供科学量化的依据；3、负责据分析与决策应用部分的设计和开发。参与研究和开发具有自主知识产权的制造相关软件、服务及平台产品。,1、本科以上学历，计算机、通讯、自动化、应用数据或相关专业，5年以上相关工作经验；2、具备数学分析或数据建模基础，精通数据挖掘，概率，统计等分析和应用，优秀的学习能力、对数据结构、算法分析、操作系统、网络等计算机基础具备扎实的功底；3、熟悉Linux/Unix系统，熟悉Shell/PHP/Python/Java/Scala编程；有一定的编程经验，熟悉分布式计算平台Hadoop和大数据处理平台工具的使用和开发，有hive或hbase经验；4、有团队合作精神，具有良好的沟通、组织、协调能力和时间管理能力;具备数据质量优化能力；5、善于分析业务、能将复杂的业务需求转化为数据/数学模型，对大数据处理和分析工作有热情； 6、熟悉Hadoop、Hive、HBase、Storm、Kafka、Spark、Presto、ElasticSearch等开源框架；7、需要有良好的逻辑分析能力和表达能力，有过相关数据分析的成果与方案，有较强的自主性，能主动提出新的想法和思路；8、具有流程制造行业工作经验者优先。
146,金风慧能技术有限公司,新能源,"['500', '999']",本科,0,0,5,1、负责运用机器学习相关技术，对风电或光伏数据进行统计分析；；2、研究新的风/光伏电场短期和超短期功率预测建模算法，提升预报准确率；3、负责算法平台的维护与优化工作。,1、本科及以上学历；计算机、数学相关专业；2、5年及以上软件开发、算法相关工作经验；3、2年以上python实际开发经验；4、熟练掌握支持向量机、神经网络等机器学习算法原理，并能结合实际应用提出优化改进方案；5、熟练掌握Python语言，熟悉numpy、scipy、sklearn、matplotlib、TensorFlow等常用库，能进行算法编程，及数据分析.
147,西咸新区予果微码生物科技有限公司,制药/生物工程,"['1', '49']",本科,15,25,3,Python，数据处理，数据分析，文本挖掘,1、根据需求完成算法/流程的设计与开发；2、对基因组数据或临床数据进行分析挖掘；3、对文本数据进行信息提取与挖掘。岗位要求
148,索信达,互联网/移动互联网/电子商务,"['100', '499']",本科,30,50,5,1. 负责项目的需求调研、数据分析、商业分析及数据挖掘建模等工作；2. 根据业务需求，制定用户相关数据的采集策略，设计、建立、测试相关的数据模型，从而实现从数据中提取决策价值，撰写分析报告；并跟踪分析客户业务数据，为客户提供决策支持；3. 研究数据挖掘模型，参与数据挖掘模型的构建、维护、部署和评估工作；4. 完成需求分析、样本抽样、模型构建、指标定义以及相关文档编写；,"1. 数学、统计学本科及以上学历，硕士学历优先考虑;2. 3年以上互联网、金融行业数据分析、数据挖掘工作经验；3. 熟悉决策树、时间序列模型、回归分析模型、聚类挖掘、贝叶斯、关联规则挖掘等数据统计模型和挖掘技术，并有独立完整的建模实践经验；4. 熟悉sql、R、Python等语言，熟练使用SPSS、SAS等数据分析工具；5. 有大数据并行处理经验，能使用Hadoop/Hive分析海量数据；能高效的与技术团队进行沟通；6. 良好的数据敏感度,能从海量数据提炼核心结果；有丰富的数据分析、挖掘、清洗和建模的经验；7. 对数据驱动业务有深入理解，对数据与业务方面有足够敏感性，有较强的逻辑分析能力，有较强的独立思考能力；8. 能独立编写商业数据分析报告，及时发现和分析其中隐含的变化和问题，具备良好的商业敏感度和创新意识，快速识别商业问题和机会。"
149,阿里巴巴(北京)软件服务有限公司,计算机软件,['10000'],本科,30,60,5,1.对海量用户属性、行为数据和品牌运营数据进行挖掘与分析，建设基于知识图谱的算法产品和数据应用，通过数据挖掘和机器学习算法解决知识图谱在企业客户画像、运营效果分析、智能推荐、风险识别等业务应用中的实际问题；2.与业务产品、运营深度配合，跟踪和利用各应用场景的业务数据，不断挖掘和探索数据的价值点，推动业务改进，为业务决策、产品迭代、用户体验优化提供数据洞察；3.与相关团队协作进行数据建模和快速迭代，推动部门的数据智能化运营。,1.4年及以上机器学习、大数据挖掘等相关领域经验，熟悉各类数据统计模型和挖掘算法，能够深入了解算法细节，主动优化获取最优结果；2.熟悉协同过滤、回归分析模型、关联规则挖掘、分类和聚类算法等数据统计模型和挖掘算法，有独立完整的建模实践经验优先；3.精通hadoop、hive、spark等一个或多个分布式计算框架、算法平台；4.具备业务建模能力，能快速将实际问题转换成数学模型求解；5.有良好的逻辑思维能力、沟通协作能力，自我驱动，具备突出的分析问题和解决问题的能力；
150,实地房地产,房产开发,"['1000', '2000']",本科,25,50,5,1.经验- 6年-数据挖掘/数据分析/数据建模，以了解用户行为或改进业务指标；2.经验- 6年-使用机器学习进行大规模数据挖掘(特征选择、嵌入、收集、神经网络、SVM、统计检验、深度学习等)；3.经验- 6年-常用的数据,例如。Python / R / Scala / SQL。
151,摩比神奇(北京)信息技术有限公司,互联网/移动互联网/电子商务,"['100', '499']",本科,4,5,1,1、负责风控基础数据挖掘技术研发；2、构建用户画像、预测、风险监控等系统，对未来风险评估预测；3、设计策略和算法及分析用户风险。,1、计算机或相关专业，20年及以后毕业，研究生优先，实习期不短于3个月，每周不少于4天；2、良好的逻辑思维能力和数据分析能力；3、了解linux基本开发环境，有python、shell等脚本处理经验更佳；4、熟悉sql基本操作，有hive、hadoop相关经验者优先；5、对数据敏感，熟悉常用数据挖掘算法，有实践经验优先。
152,北京市凌怡科技有限公司,IT服务/系统集成,"['500', '999']",硕士,20,25,3,1、天然气与财务数据的深度分析与咨询2、天然气与财务数据建模开发与数据类产品设计3、归口业务的逻辑功能说明书编写4、负责归口业务的课题研究与专题分析报告编写,1.硕士及以上学历，双证齐全，计算机软件/电子信息工程/通信工程等相关专业；2.熟悉大数据技术，熟悉数据，挖掘与建模工作，熟练掌握SQL、PYTHON或者R语言3.优秀的沟通协作能力、资源整合能力和系统分析能力。5.具有银行、金融行业经验者优先6.主观能动性强，性格开朗，内心强大，能承受一定的工作压力，主动承担更多的工作。
153,体奥动力(北京)体育传播有限公司,影视/媒体/艺术/文化/出版,"['100', '499']",本科,15,25,2,1、负责足球数据模型的算法分析和建模；2、全面掌握各类常用智能算法的基本原理、算法本身的优缺点等，同时也要对机器学习、人工智能等相关的最新算法进行分析和研究；3、负责分析和评估智能算法在足球场景下应用的需求和可行性；4、能够深入分析业务场景，理清业务输入输出及相关限制条件，并建立相应的业务模型和数学模型；5、针对足球大数据选择合适的智能算法，对业务模型/数学模型进行求解，并进行验证，实现算法对业务的改进；6、支持业务及系统团队完成各类智能算法的优化迭代；,"1、有1-3年数学建模工作经验或本科及以上学历；2、有优秀的洞察力，能从纷繁复杂的数据中发掘规律并构建模型；掌握各类算法，具备优秀的大数据建模功底；3、具有扎实的数学、统计学、数理建模知识，熟悉数据仓库和数据挖掘的相关技术及方法，熟悉数据可视化相关理论；4、熟练使用R、SPSS或SAS等（至少一种）主流工具进行分析和建模，熟悉MySQL/Oracle, 熟悉Hadoop等产品；5、能够熟练阅读并理解英文技术资料、自学能力强；6、工作积极主动，有高度的责任感。"
154,鸿泰鼎石资产管理有限责任公司,银行,"['1000', '2000']",本科,20,30,1,1. 全日制统招本科及以上学历，硕士优先；2. 熟悉NLP领域当前热点和前沿技术，对NLP有完整、系统的认识，熟悉CNN、RNN、LSTM等算法在NLP领域的应用；3. 熟练掌握Python语言，有word2vec、scikit-learn、tensorflow等软件包使用经验者优先，熟悉SQL语言；4. 有至少2个NLP相关项目经历，包括但不限于,关键词提取、语义相似度计算、文本分类和聚类、信息抽取、问答系统、情感分析等；5. 对数据敏感，具备优秀的分析和解决问题的能力，能够从海量数据中发现有价值的规律；6. 良好的团队合作和沟通能力，快速准确的理解能力，极强的自我驱动力，有一定的抗压能力，有责任心，对解决问题充满热情，对新技术充满好奇心和钻研精神；7. 熟悉银行零售端信贷业务、有贷后管理相关分析工作经验者优先。
155,鸿泰鼎石资产管理有限责任公司,银行,"['1000', '2000']",本科,20,30,1,1. 熟悉数据挖掘领域当前热点和前沿技术，对数据挖掘有完整、系统的认识，熟练掌握如LR、C4.5、CART、Naive Bayes、SVM、KNN、K-Means、Apriori等业内主流算法及其在数据挖掘领域的应用，熟练掌握模型实施的相关流程；2. 熟练掌握Python工具，有statsmodels、tensorflow、scikit-learn等软件包使用经验者优先，熟悉SQL语言及关系型数据库；3. 具有3年及以上数据挖掘工作经验，有至少3个数据建模项目的完整实施经历，至少包括两个统计建模项目和一个机器学习项目；有至少1个建模项目的需求分析及方案设计经验；4. 对数据敏感，具备优秀的分析和解决问题的能力，能够从海量数据中发现有价值的规律；5. 良好的团队合作和沟通能力，快速准确的理解能力，极强的自我驱动力，有一定的抗压能力，有责任心，对解决问题充满热情，对新技术充满好奇心和钻研精神；6. 熟悉银行零售端信贷业务、有贷后管理相关分析工作经验,
156,摩比神奇(北京)信息技术有限公司,互联网/移动互联网/电子商务,"['100', '499']",本科,15,30,1,1、负责从海量数据中提取出有效的，并且可用于风控反欺诈的数据；2、通过构建用户关系网络，识别处理欺诈行为及欺诈团伙；3、负责风控平台的设计与开发，包括规则引擎、标签系统等。,1、计算机，统计学相关专业本科及以上学历，2年以上互联网行业工作经验；2、具备1年以上Java或Python后端研发经验；熟悉redis、mongo或其他NoSQL；3、熟悉基本数据结构和算法，对风控领域感兴趣，有反欺诈相关项目经历；4、具有较强的分析与解决问题能力，以及持续学习能力。
157,北京梧桐车联科技有限责任公司,物联网,"['100', '499']",硕士,0,0,5,1. 负责场景和推荐平台相关算法的开发与改进，对算法模型持续优化，提升推荐质量 ；2. 结合业务需求，对数据进行挖掘和建模，进识别新的场景特征，并提出相应的推荐策略； 3. 跟踪互联网领域相关推荐或者机器学习算法发展趋势，对前沿技术结合产品业务进行实验及落地；,"1. 本科及以上学历，计算机、数学相关专业，两年及以上工作经验，在推荐系统、个性化搜索、广告引擎等相关领域有较多的算法工作经验； 2. 优秀的逻辑思维能力以及分析和解决问题的能力；具有良好的数据敏感度，能够从海量数据中发现有价值的规律； 3. 熟悉常用的机器学习和数据挖掘原理与算法，如分类、聚类、回归、协同过滤、内容过滤等；对常用算法如LR、GBDT、SVM、LDA、CRF、HMM等任意一种的模型原理以及工程实践上有较多经验；熟悉深度学习算法如CNN、DNN、RNN等模型原理，具有一定的实践经验，熟练使用Tensorflow,Spark  MLib,  Caffe，Sklearn等一种以上机器学习工具框架; 4. 至少熟悉java/scala/python中的一种语言，至少熟悉一种常用的机器学习库； 熟悉基本算法和数据结构，具有扎实的编程基本功； 5. 有车联网相关行业经验更佳；6. 具有良好的团队合作精神和较强的沟通能力；善于思考和学习，对算法落地有充分的理解，对有挑战性的问题充满激情。"
158,国内知名互联网公司,,['0'],硕士,40,70,5,,
159,国内知名独角兽公司,,['0'],本科,18,25,1,,
160,学科网,在线教育,"['500', '999']",本科,25,40,3,1、负责学科网BI产品的设计和开发工作。2、负责学科网海量数据挖掘和数据分析，建立业务分析模型和报表呈现。3、基于大规模用户行为，建立并优化推荐系统的基础算法和策略。,1、 计算机，数学，统计学等相关专业，本科及以上学历。2、 熟悉SQL语句，在数据结构，算法方面有扎实的基本功。3、 熟悉Linux开发环境，有Shell或者Python等脚本的编程经验。4、有推荐算法，搜索rank方面工作经验者优先。5、 有文本分析，数据挖掘，机器学习方面工作经验者优先。
161,旭阳集团,石油/石化/化工,"['5000', '10000']",本科,0,0,0,1. 深入了解业务需求，对业务需求进行深入分析，为公司运营决策、生产优化和业务方向、销售策略提供数据支持； 2. 基于业务需求，构建相应的预测、优化模型并验证，指导模型落地； 3. 机器学习算法以及大规模并行计算的研究，数据仓库构建与维护。 ,1. 本科及以上学历，计算机、统计学、应用数学等相关专业，有大数据处理相关工作经验优先； 2、精通大数据处理技术（如Hadoop、Storm、Spark等）； 3、熟悉RDBMS（MySQL、PostgreSQL）、NoSQL（MongoDB、Redis）等主流数据库； 4、熟悉SPSS、R、Python等统计分析软件及编程； 5、熟悉统计建模理论，有回归、分类、聚类、决策树等建模经验； 6、有分布式运算相关开发经验，有Hadoop、Hive、Mapreduce、Storm、Spark等相关开发经验优先；7、熟悉HDFS、Hbase、Hive的原理、特性和常用配置且有实战开发经验。8、 具有良好的逻辑分析能力、沟通能力和团队合作意识，敏锐的数据洞察力，较强的总结归纳能力。
162,北京清能互联科技有限公司,互联网/移动互联网/电子商务,"['100', '499']",本科,15,20,0,1.	电力能源领域大数据分析相关模型技术研究；2.	数据清洗、特征分析，规律抽取及整理，对数据未来变化的数值及趋势进行预测；3.	机器学习/深度学习相关人工智能算法在产品/业务中的应用研究；4.	负责业务需求相关算法模块设计与工程实现；5.	负责项目技术方案相关文档撰写工作。,1、	电气工程、数学、计算机、物理、热能、自动化等相关专业；2.	熟悉各类数据挖掘算法，如聚类、回归等3.	熟悉机器学习/深度学习框架者优先，例如sklearn、tensorflow等4.	至少熟悉一门编程语言，如C++/Java/Python等5.	有电力/能源规划决策领域相关项目经验优先；6.	善于学习总结，有较强的求知欲，对探索未知领域和解决问题充满热情；7.	工作严谨踏实，责任心强，条理清楚；有良好的团队合作精神和沟通能力。
163,北京数美时代科技有限公司,互联网/移动互联网/电子商务,"['100', '499']",本科,18,30,2,"1、基于数美的海量数据，进行数据分析与建立模型工作。    2、对大数据进行feature selection, combination等feature engineering工作。    3、搭建大规模机器学习算法平台。    4、跟踪互联网领域最新的自然语言处理，及文本挖掘算法的进展和发展趋势。    5、建立和完善分析体系，跟踪模型的实施，定期优化算法和分析策略，提供建设性建议。","1、对常用的机器学习算法、特征选择方法、数据建模过程有深入理解。    2、熟悉常用数据挖掘算法（如分类、聚类、回归、关联规则、神经网络等）及其原理，并具备相关项目经验。    3、熟悉Hadoop,Storm，Spark等大数据技术以及适应场景, 有大规模数据处理和日志处理经验的优先。    4、参与过ACM/ICPC竞赛并获奖，优先。    5、在GitHub等平台上 深度参与或者建立有影响力的开源项目，优先。"
164,北京数美时代科技有限公司,互联网/移动互联网/电子商务,"['100', '499']",本科,15,30,3,1、针对海量用户行为数据，构建用户兴趣属性，金融属性画像，欺诈属性等多维度画像 2、基于海量画像数据，构建金融风控，互联网反作弊，精准营销，垃圾内容等模型和服务  ,1、熟悉使用Hadoop，Storm，Spark，HBase等大数据技术平台，有大规模数据日志处理经验者 优先； 2、熟悉大规模数据挖掘、机器学习、自然语言处理，图像处理等相关技术和算法； 3、具备金融风控，互联网反作弊，图像和文本处理，精准营销，推荐系统等相关产品工作经验 者优先； 4、具备较强的数据分析，问题分析，逻辑思维能力，良好的沟通，团队协作能力。
165,Baidu,互联网/移动互联网/电子商务,['10000'],本科,3,8,0,"工作职责-深度理解数十个垂直领域数据, 进行知识抽取、数据映射、质量判定等-研究数据挖掘或统计学习领域的前沿技术，并用于实际问题的解决和优化-大规模机器学习算法研究及并行化实现，为各种大规模机器学习应用研发核心技术-通过对数据的敏锐洞察，深入挖掘产品潜在价值和需求,进而提供更有价值的产品和服务，通过技术创新推动产品成长",-校大学生-热爱互联网，对技术研究和应用抱有浓厚的兴趣，有强烈的上进心和求知欲，善于学习和运用新知识-具有以下一个或多个领域的理论背景和实践经验
166,中国科学院自动化研究所,政府/公共事业/非营利机构,"['2000', '5000']",本科,0,0,3,1、基于互联网开源信息数据，深度挖掘网络用户的行为模式，发现有价值的用户行为习惯和偏好；2、负责大数据应用算法的设计、研发与产品化，包括但不限于复杂网络分析、个性化推荐、用户标签建设、文本挖掘、统计数据建模等方向。,1、硕士及以上学历。计算机专业复杂网络分析、自然语言处理方向优先；2、良好的逻辑思维能力，能够从海量数据中发现有价值的规律；3、熟悉大规模图挖掘、机器学习、自然语言处理、分布式计算等相关技术，并具备工程实践经验；4、熟练运用各种常用算法和数据结构，有独立的实现能力；5、熟练使用JAVA语言、Oracle/MySQL数据库系统、linux操作系统者优先;6、熟悉hadoop/spark等一个或多个分布式计算框架/算法平台；7、对大数据周边的业界动态、应用、算法有热情。
167,蓝谷智慧(北京)能源科技有限公司,新能源,"['100', '499']",本科,20,30,5,1、负责公司数据挖掘平台的规划与搭建，领导组织公司数据挖掘工作；2、担纲产品中模型算法的研发、建模、检测、监控、优化、升级等数据挖掘项目工作；3、负责公司产品数据增值创新模块的设计与研发；4、承担专项前沿数据挖掘课题的研究；5、负责数据挖掘团队的人才引进与培训管理工作。,1、具有5年以上行业数据挖掘建模项目经验，新能源或咨询管理等行业数据挖掘项目经验者优先；2、精通DM建模过程及主流算法，掌握相应数据分析与数据处理技术；掌握信用评分、文本挖掘、舆情分析、用户画像等项目核心技术者优先；3、精通至少一门专业的数据挖掘工具及其编程技术，如SAS、SPSS、Python等；4、极强的创新思维，能提出具有战略价值的产品增值方案；5、要求好学、上进，具备优秀的学习能力、独立分析和解决实际业务问题的执行能力；6、具有优良的职业素养，良好的人际沟通及团队合作能力。
168,某企业级数据仓库技术服务商,,['0'],本科,30,45,5,,
169,某共享出行平台,,['0'],硕士,70,90,8,,
170,某知名大型互联网企业,,['0'],本科,45,70,6,,
171,北京知名车联网公司,,['0'],本科,40,55,5,,
172,北京峰趣互联网信息服务有限公司,社交网络,"['50', '99']",大专,0,0,3,"1. 主导大数据平台的设计与开发，解决海量数据面临的挑战。2. 建立推荐等数据模型及算法，对数据进行挖掘、优化及统计。3. 进行数据收集、整理与分析工作，助力数据化运营业务。4. 负责大数据项目开发，解决并实现业务需求，支持公司对数据的分析和探索。5. 能够维护现有平台及快速掌握现有工作平台。职位要求1、本科及以上学历，3年及以上相关经验，有内容推荐算法经验者优先；2、熟悉Hadoop/Spark，熟悉大数据ETL工具，对机器学习/深度学习感兴趣，有推荐经验者优先；3、熟练掌握Scala或者JAVA、Python语言，熟练阅读开源项目源码，熟练应用Redis、Kafka等中间件；4、对数据敏感、善于发现问题、并快速定位有效的解决问题；5、对开源大数据解决方案感兴趣，有利用技术解决实际问题的热情，开源积极参与者优先。6、善于沟通协作、积极响应问题,对结果负责",
173,臻和科技,制药/生物工程,"['500', '999']",硕士,0,0,0,1.挖掘和分析多维数据库中的数据以生成业务报告；2.开发新数据源和的有效性和准确性和数据收集技术；3.开发数据模型和算法以应用于数据集并支持战略项目计划；,1.统计学、数学或相关领域的博士学位； 或3年以上数据挖掘和分析经验的硕士学位。2. 3年以上处理数据并从大型数据集中获取见解的经验，且使用至少一种统计计算机语言（R，SAS，Python）3.对高级统计技术和概念（回归，分布的性质等）有良好的了解，并具有应用经验；4.对各种机器学习技术（集群，决策树学习，人工神经网络等）有充分的了解，并且了解它们的优点/缺点的优先考虑；5.良好的沟通和协作能力；6.流利的英语读写能力。
174,某互联网房产,,['0'],本科,30,60,3,,
175,一线知名互联网公司,,['0'],本科,30,60,3,,
176,一线知名互联网公司,,['0'],本科,30,60,3,,
177,一线知名互联网公司,,['0'],本科,30,60,3,,
178,湖北亿咖通科技有限公司,计算机硬件/网络设备,"['1000', '2000']",不限,20,35,3,1. 数学、统计学、计算机等相关专业；2. 精通Python，Java语言，熟悉Hadoop，Spark等框架和工具；3. 熟悉数据挖掘、机器学习常用算法和原理；4. 对数据敏感，具有较强的数据推理及分析能力、具有较强的执行力及创新能力；5. 有海量数据挖掘实际经验者优先；6. 对地图行业和技术有一定了解和经验,
179,希瑞亚斯,计算机软件,"['100', '499']",本科,4,8,0,1.参与图片OCR、自然语言处理、知识图谱、信息检索方向在人力资源领域的算法项目。2.应用完备的统计学/组合数学/数值分析/信息论知识对海量异构数据进行融合挖掘，在完成良好的特征工程前提下对数据进行多场景的分类/回归应用。3.完成例行的数据开发、分析、建模工作，并且将优秀的算法方案应用到业务场景中，通过技术创新提升业务价值。 ,1. 熟悉常用的数据挖掘/机器学习算法理论(图论/LR/XGboost/RF/FM/PCA/DBSCAN)，对深度学习算法(MLP/CNN/RNN/PreTrain/GAN)有所了解和实践，具备真实环境大数据集下的数据挖掘/机器学习实战经验。2.理解深度学习、统计机器学习等理论，并且在风控、图像、文本、推荐、语音等一个或多个领域上有一定经验。3.具备Spark/MPI/Parameter Server等经典机器学习算法的开发使用经验，具备Pytorch/Keras/TensorFlow/Caffe/Theano等一个或多个深度学习平台的使用经验。4.熟悉C++/Java/Scala/Shell/Python中的一种或多种编程语言，对数据结构和算法设计有较为深刻的理解。5.具备良好的数学建模能力和问题抽象能力，熟悉Python、R、Hive、MapReduce、Spark，有上述数据处理、分析和建模的经验。具备一定机器学习算法应用经验。6.具备一定的图像算法、NLP、检索、知识图谱方向项目经验者优先。7.具备数据挖掘的相关专业知识和理论基础，对数据具有敏感性，善于应用统计检验和可视化工具对数据进行分析处理，发现数据问题和业务问题，对模型进行优化和提升。8. 青睐具备计算机科学相关专业和统计或其他应用数学领域专业背景的候选人。
180,深圳商道名家教育科技有限公司,专业服务(咨询/财会/法律/翻译等),"['1', '49']",本科,40,70,3,1、研究数据挖掘或统计学习领域的前沿技术，针对海量用户行为和内容信息，挖掘旗下所有产品用户关系， 反作弊等；2、基于对用户理解和大量数据特征，建立用户产品数据分析模型，并参与用户产品方向设计和效果改进。,"1、有机器学习、数据挖掘相关方向硕士以上学历或3年以上工作经验优先； 2、熟悉C/C++语言、Python、Java任意一种语言，较强的算法和数据结构功底；3、熟悉大规模数据挖掘、机器学习等相关技术,熟悉Hadoop/Spark/Hive技术优先； 4、良好的逻辑思维能力,优秀的分析和解决问题的能力,对挑战性问题充满激情。"
181,深圳商道名家教育科技有限公司,专业服务(咨询/财会/法律/翻译等),"['1', '49']",本科,50,80,5,"1、通过海量数据分析和挖掘，找出移动互联网应用的商业价值；2、通过机器学习和数据挖掘的技能，探索研发工具的应用场景，提升研发效率；3、深入理解移动应用的业务，分析AB测试小流量实验结果数据；4、负责所属业务线的数据分析及底层数据质量，充分利用机器学习对多维数据（PV,UV,时长等）关联分析，高效完成专题研究报告。""",1、5年以上工作经验，有成功的数据挖掘项目经验； 2、数学、统计、计算机等相关专业本科及以上学历，深刻理解并熟练掌握统计学、数据挖掘的算法和技术； 3、精通至少一种数据分析/挖掘语言，如R/Python/SAS/Mahout等，熟悉至少一种以下数据库操作，如Hive/Mysql/Hadoop/Oracle等； 4、熟悉常用的数据分析方法，熟练掌握SPSS、SAS、R、SQL等分析工具中的一种或几种；5、对数据驱动业务有一定理解，对数据与业务方面有足够的敏感性，有较强的逻辑分析能力，有较强的独立思考能力；
182,中国某网络科技有限公司,,['0'],硕士,30,60,3,,
183,国内知名股份制商业银行,,['0'],硕士,25,50,3,,
184,国内知名互联网公司,,['0'],本科,18,30,3,,
185,某一线互联网公司,,['0'],本科,30,50,4,,
186,某股份有限公司（上市公司）,,['0'],本科,25,50,3,,
187,某知名网络科技有限公司,,['0'],本科,25,50,1,,
188,北京开心代代科技有限公司,专业服务(咨询/财会/法律/翻译等),['0'],本科,25,35,3,负责商城商品、用户数据挖掘,1.计算机相关专业，本科以上学历，有较强的算法基础；2.至少熟练掌握一门开发语言（C++/Java/Python/PHP等），并且具备快速技术迁移能力3.熟悉掌握常用的数据挖掘和机器学习算法，熟悉各种特征提取、特征选择、数据降维等技术，代码能力出色；4.学习能力强、自我驱动力强，紧跟机器学习的发展动态；5.有电商行业经验，离线计算相关开发经验
189,北京志翔科技股份有限公司,网络安全,"['100', '499']",本科,20,30,3,1、负责国网事业部产品的数据分析，数据挖掘、算法设计等领域的研究和开发工作；2、从国网日志中发掘采集异常、计量异常、器具异常等；3、linux下用python进行数据预处理与分析；4、参与数学模型的研究与编码实现；,"1、计算机、数学或相关专业本科或以上学历,硕士或博士优先（本科院校至少是统招211）；     本科生"
190,国内知名互联网公司,,['0'],本科,30,60,3,,
191,某互联网公司,,['0'],本科,25,42,4,,
192,国内知名互联网公司,,['0'],本科,40,60,3,,
193,任仕达企业管理(上海)有限公司,其他,['10000'],硕士,30,50,3,"1、有3+年的数据挖掘、机器学习经验，深刻理解机器学习/数据挖掘相关算法，有扎实的基本功和良好的逻辑思维能力；2、基础扎实，对常用算法有较深入的理解, 熟悉文本分类、CNN、RNN网络结构，有NLP实践经验；3、对行为预测、自然语言、用户画像、大数据等领域有深入实践者优先;4、熟悉分布式/高性能计算系统，有hadoop、spark等开发经验者优先；5、对Tensorflow\Theano\Torch\Caffe\Mxnet有过深入应用经验",
194,汽车之家,社交网络,"['2000', '5000']",本科,35,55,3,,1、基于海量用户行为数据，建立、评估、持续优化数据模型，构建和优化用户画像，产出用户标签，用于提升推荐效果； 2、负责搭建完整的用户画像挖掘系统，包括数据处理、挖掘用户画像、准确性评估等； 3、主导用户画像需求分析，把控用户画像的建设方向，设计和构建基于用户行为特征的平台化画像服务能力； 4、统一数据标准，建立用户画像产品的评估机制和监控体系。 任职资格
195,知名互联网企业,,['0'],本科,30,40,3,,
196,某工业互联网行业公司,,['0'],本科,35,60,5,,
197,某知名互联网公司,,['0'],本科,59,83,3,,
198,某全国性股份制商业银行,,['0'],本科,15,20,3,,
199,智能家电全套解决方案集团,,['0'],本科,90,100,4,,
200,某大型互联网公司,,['0'],硕士,30,60,2,,
201,理想汽车,汽车/摩托车,"['1000', '2000']",硕士,30,50,3,1. 负责构建智能汽车核心大数据算法模型 (涉及问题辅助分析、质量风险预警、零部件性能评估、产品设计理念优化、整车性能画像、用户画像等应用场景) ，通过离线/实时分析海量云端信号，识别复杂数据变化趋势与特征，为整车研发相关数据应用需求，提供有效解决方案。2. 协助整车研发部门，从统计模型、机器学习算法、数据挖掘流程的可行性角度，细化大数据应用需求 (统计/分析/评价/预测) 。3. 参与车辆云端大数据的信号采集方式定义 (类型/周期/组合方式) 、预处理、分析、可视化呈现等整体方案的设计。4. 协助平台部门，完成上述大数据应用方案在云端平台的具体部署和实现，并持续进行效果评估和方案迭代。,1. 硕士以上学历，统计学、计算机、数学、信息管理等专业方向。3年以上数据分析、数据挖掘、机器学习等领域工作经验。2. 出色的数学建模能力，熟悉回归、聚类/分类、诊断、时间序列等数据分析方法。熟悉常见机器学习算法 (SVM/KNN/决策树/K-means/朴素贝叶斯/Xgboost等)。了解深度学习算法、特征工程。3. 熟练使用SQL，掌握R/Python/Scala等至少一种数据分析语言。4. 熟悉Spark Core/Spark MLlib/Spark SQL/Spark Streaming。了解Hadoop生态(Hive/HDFS/HBase/Kafka/Sqoop/DataX等) 。5. 有车联网、智能交通、工业大数据等领域数据挖掘经验 (如用户画像、场景分析等) 者优先考虑。6. 积极主动，目标明确，极强的快速自学能力，善于跨部门沟通与协作。
202,慧辰资讯,专业服务(咨询/财会/法律/翻译等),"['500', '999']",硕士,2,3,0,,1、大数据的预处理/清洗/整合；2、基本数据挖掘算法与模型的选择和应用；3、根据业务特点，通过数据挖掘分析探索大数据分析的初步结果，供业务或者相关人员使用任职要求
203,北京智谱华章科技有限公司,,['0'],本科,12,20,0,,
204,希瑞亚斯,计算机软件,"['100', '499']",本科,25,45,2,1. 参与智能问答(Bot)、 推荐系统、智能标签、知识图谱等相关项目。2. 参与多个项目的技术难题协同攻关、团队研发流程改进、提升研发效率和代码质量；3. 参与问题收集、问题定位，快速响应BadCase反馈，持续的支持业务的规模增长和需求升级；,1. 计算机、信息技术相关M.S. or Ph.D.，2年以上相关工作经验、具备良好的沟通技巧和公司级的认知视野；2. 精通至少一门编程语言
205,美团点评,互联网/移动互联网/电子商务,['10000'],本科,0,0,4,岗位职责1.综合应用海量gps轨迹信息，综合应用大数据工具，进行空间数据挖掘与处理；2.利用机器学习和可视化技术改善骑行路径规划体验。岗位要求1.扎实的编程基础 Java、python、 c++、scala、 R 掌握精通其中至少两门语言；2.对大数据处理有经验者优先，不限于 Hadoop、MR、Hive、Spark等；3.熟悉常见的机器学习算法；4.有相关开发经验优先；5.有GIS研发经验优先；6.较强的沟,
206,美团点评,互联网/移动互联网/电子商务,['10000'],本科,0,0,5,,1.构建美图地图领域文本数据的NLP核心能力；2.负责美团业务海量文本数据与互联网文本数据的分析理解工作；3.跟踪前沿算法，主动使用新技术、新算法、新思路、新观念不断提升团队NLP技术能力；4.负责相关领域专利的撰写发表。岗位要求
207,国内知名上市互联网公司,,['0'],本科,30,50,3,,
208,国内知名个性化推荐算法公司,,['0'],本科,40,70,3,,
209,某独角兽公司,,['0'],本科,25,50,3,,
210,平安科技,互联网金融,"['2000', '5000']",不限,0,0,3,1.负责医疗AI项目的分析建模工,医疗数据的数据分析、基于统计和机器学习的分析建模、模型评估等工作2.参与医疗AI项目的研发，完成创新技术向应用成果的转化3.参与和外部研究机构的学术合作，推动对算法研究或医学信息学研究成果的发表4.基于上述工作发表会议或期刊论文，申请发明专利任职要求
211,悦优博迈,互联网/移动互联网/电子商务,"['1', '49']",本科,10,20,0,1. 医疗健康领域的数据挖掘工作；2. 数据挖掘和机器学习算法的精研与创新。,1. 计算机、数学、统计、通信等相关专业本科及以上学历;2. 熟悉概率与统计、机器学习经典算法；3. 熟练掌握Python或R语言；4. 有海量数据数据挖掘与机器学习相关工作经验者优先；5. 喜欢挑战，热爱跨界，享受团队协作。
212,明略科技集团,互联网/移动互联网/电子商务,"['2000', '5000']",本科,20,35,3,1、通过机器学习、数据挖掘等技术，结合业务知识，帮助客户建立数据挖掘模型，解决金融、工业领域的实际业务问题。2、负责基础算法库、建模工具和建模框架的开发工作，不断对已有算法、工具和框架进行优化，提升数挖效率。3、理解客户数据内容、业务场景需求，并选择适合的技术解决方案4、个人代码质量的自我管理5、技术文档的编写,1、熟悉常用机器学习、深度学习等数据挖掘技术，了解不同模型的特性，理解相关数据挖掘算法，并能熟练使用主流的开源数据挖掘工具。2、具有丰富的数据挖掘实践经验，参加过实际的数据挖掘项目或比赛，了解实际建模的一般原则和方法。3、熟悉下列任意一种数据分析软件R/Python， 熟悉Hadoop、spark、java，具有分布式数挖或开发经验者优先。4、熟悉linux平台、熟悉脚本（shell、python等）编程。5、具有良好的学习能力、沟通能力和团队合作精神，对待问题积极、乐观、负责。
213,北京瓴岳信息技术有限公司,互联网金融,"['100', '499']",本科,18,35,2,1. 风控数据平台建设，包括数据交互、特征提取、数据挖掘、用户画像等；2. 风控模型的开发与优化；3. 风控数据和模型监控系统建设。,1. 计算机或相关专业985本科及以上学历；2. 熟悉Java/Python等编程语言，对数据结构和算法设计有较为深刻的理解；3. 良好的逻辑思维能力，能够从海量数据中发现有价值的规律；4. 优秀的分析和解决问题的能力，对挑战性问题充满激情；5. 良好的团队合作精神，较强的沟通能力和学习能力；6. 有数据挖掘、机器学习、推荐系统相关经验优先；7. 有互联网金融工作经验优先。
214,乐普,医疗设备/器械,"['2000', '5000']",本科,0,0,3,本科及以上学历，数学，统计，物理，计算机及相关专业。,3年以上相关工作经验。基本知识
215,北京城市大数据研究院有限公司,互联网/移动互联网/电子商务,"['100', '499']",本科,0,0,3,1、参与新业务或To B业务的预估模型研发，参与搭建智能决策系统； 2、探索各种前沿模型，针对不同业务场景，制定合适的算法与策略，不断优化效果和性能，完成产品突破。 3、完成AI平台中算法模型的研发,1、全日制本科以上学历，三年及以上大数据相关工作经验，有完整的大数据分析项目经验；2、熟练使用sql，hive等技术，了解hadoop工作原理；3、熟练使用linux操作系统，精通shell/python编程；4、能够对文献中的模型进行复现；5、熟练掌握数据分析工具（Python、R、Scala、Java等），掌握常见的聚类、分类、神经网络等数据分析算法，能够独立产出数据报告，熟悉数据采集到报表展示的全流程；6、有一定的业务数据敏感度，较强的数据分析能力、逻辑思维能力，以及分析问题、解决问题的能力；7、强的沟通能力和团队合作能力，勇于承担工作压力，能够适应出差8、有政府或金融行业项目工作经验者优先
216,杭州艾耕科技有限公司,互联网/移动互联网/电子商务,"['100', '499']",硕士,30,50,3,1、从事 NLP/数据挖掘/计算机视觉等若干方向之一的算法研究与应用工作；2、阅读、理解数据，为数据建模并进行实验和分析；3、实现、维护与改进与产品相关的机器学习算法；4、为产品的策略评估、改进和运营提供数据分析服务和分析支持；5、跟踪和评估相关的算法进展和发展趋势。,1、计算机、数学、物理或相关专业硕士以上学历；2、熟悉机器学习基本算法，或有高性能科学计算的相关经验；3、对NLP/数据挖掘/计算机视觉方向之一的相关算法有较为深入的研究；4、能够使用C/C++/Python 独立实现复杂的数据结构和算法原型；5、熟悉tensorflow/Caffe/mxnet/etc. 中至少一个深度学习框架；6、工作积极主动、有责任心，具备良好的沟通能力和团队合作精神。加分项
217,杭州艾耕科技有限公司,互联网/移动互联网/电子商务,"['100', '499']",硕士,25,50,3,1) 理解业务场景，对行业数据进行抽象处理，实现文本数据的解析，抽取，结构化2) 参与数据处理和信息抽取相关模型的开发和优化3) 知识建模分析，构建知识图谱,1) 211/985等重点院校本科以上学历，计算机相关专业2) 对数据智能类产品有浓厚兴趣，平时喜欢专研相关技术2) 具备扎实的编码能力，熟悉至少一种编译型语言，了解Python3) 掌握数据结构和机器学习算法，熟悉使用正则表达式4) 接触过自然语言处理，对基本概念有一定了解5) 具有较强的逻辑思维、分析和解决问题的能力6) 具有较强的沟通能力、团队合作精神、工作责任感及抗压能力优先条件
218,国内某知名资讯独角兽,,['0'],本科,25,50,3,,
219,Baidu,互联网/移动互联网/电子商务,['10000'],本科,25,35,0,-参与地图车主以及停车方向数据挖掘与机器学习开发-为其他部门/系统提供数据支持-负责现有项目的维护-管理、维护例行ETL任务,"-计算机及相关专业,本科及以上学历-熟悉Linux，熟练掌握shell、Python等脚本语言-有基于hadoop或Spark的编程经验-熟悉scala，JAVA语言者优先-有一定数据挖掘、机器学习理论基础，熟悉常用算法者优先-有很强的分析问题和解决问题的能力，有强烈的责任心-积极、主动，具备良好的沟通能力和学习能力，动手能力强"
220,无线生活(北京)信息技术有限公司,电子商务,"['1000', '2000']",本科,15,20,0,1、负责用户画像等数据模型的开发与建模；2、通过数据分析、深度数据挖掘、机器学习、深度学习，对海量用户行为数据以及商品等文本、图片数据进行分析与挖掘；3、参与开发项目，并协调相关资源，推动项目按时按需落地。  ,1、精通Java/C++/Python/Scala语言中至少一种；2、熟悉常用的数据挖掘、机器学习、深度学习技术；3、熟悉Linux平台编程环境，具备Hadoop/Spark/Flink/Hive/HBase等实际工作经验；4、有良好的逻辑思维能力和分析问题能力，对数据敏感，能够发现关键数据，抓住核心问题，对解决具有挑战性的问题充满激情。
221,美团点评,互联网/移动互联网/电子商务,['10000'],本科,30,60,5,1.利用数据挖掘、NLP、机器学习、统计学习等理论和方法，深入挖掘分析兴趣点数据；2.设计多维分析模型，通过多种数据挖掘算法对美团业务多源大数据进行挖掘；3.负责互联网文本数据的分析、理解和挖掘；4.主动使用新技术、新算法、新思路、新观念不断优化挖掘算法；5.负责数据挖掘领域相关专利的撰写发表。,1.计算机、数学或统计学等相关专业本科及以上学历，5年以上互联网研发工作经验；2.具有丰富的数据挖掘、NLP、机器学习方面的经验；3.熟悉Hadoop、Spark、Hive 等大数据处理技术；4.熟悉Scala、Java、Python、C++、Shell等常用编程语言中至少一种；5.扎实的编程基础和数据结构算法基础；6.对数据敏感，有较强数据分析、逻辑推理能力和解决问题能力；7.有开发高品质产品、编写高质量代码的自我要求；8.具备强烈的进取心、求知欲及团队合作精神，热衷于追求技术极致与创新。
222,央视频融媒体发展有限公司,互联网/移动互联网/电子商务,"['100', '499']",本科,8,15,1,1、根运用各类分析方法对业务、日志数据进行分析与抽象，制定有效的的识别策略和算法；2、建立完善的异常指标监控体系，快速发现及定位问题；3、基于对用户理解和大量数据特征，参与精准营销、个性化推荐等模型建设和领域研究；4、完成各类策略实现，并持续完善与优化。,1、本科以上学历，计算机相关专业；2、1年以上相关经验；3、熟悉Python等计算机语言；4、性格开朗，知识面广，思路开阔，创新能力强，致力于技术创新。
223,Baidu,互联网/移动互联网/电子商务,['10000'],本科,4,5,1,- 基于海量用户的轨迹数据/互联网数据，利用数据挖掘技术，找出现实世界中的变化- 基于海量用户的轨迹数据/互联网数据，应用机器学习，数据挖掘等尖端技术，挖掘地图数据中存在的问题- 基于挖掘的模式，分析用户出行习惯，对产品提出更好的数据使用方式- 负责相应技术方向的难点攻关、前瞻研究以及初级工程师的指导,- 计算机及相关专业在校生，本科及以上学历，实习时间要求6个月以上- 在数据挖掘、机器学习领域中，具备将算法应用于实际生产系统的能力- 至少深入掌握时间序列挖掘，聚类，分类，关联分析，话题建模之一- 至少熟练掌握JAVA，C，R或Python语言之一- 有强烈的上进心和求知欲，善于学习新事物，渴望用技术改变未来- 优秀的分析问题和解决问题的能力，对解决具有挑战性问题充满激情- 具有良好的沟通能力，和良好的团队合作精神- 具有Web挖掘，轨迹挖掘技术与项目经验者优先- 具备数据驱动的勘探能力者优先- 有GIS研发经验优先
224,泰康养老保险股份有限公司,保险,"['5000', '10000']",本科,0,0,5,1、完成数据挖掘模型的搭建；2、组建挖掘项目团队；3、将挖掘模型融合在业务场景中，实现业务流程提供实时决策；4、带领团队完成项目开发和交付,1.本科及以上学历，计算机软件或相关专业2.五年及以上数据挖掘工作经验，熟悉各种挖掘算法，并有相关的实践经验；3.深入理解业务场景，能够通过数据支持重组业务场景；4.能够管理团队，带领团队完成项目目标；5.能够推送相关干系方共同促进项目发展；6.有责任心和团队荣誉感；7.有保险行业项目经验优先；
225,某知名上市互联网公司,,['0'],硕士,40,60,3,,
226,科技独角兽公司,,['0'],不限,20,40,2,,
227,瞳门科技(北京)有限公司,互联网/移动互联网/电子商务,"['1', '49']",本科,20,40,3,"1、通过用户行为分析，挖掘用户偏好，推动产品改进和运营活动优化，实现推荐算法；2、数据流的实现和维护，建立策略效果评估机制和监控体系，通过数据分析准确反应业务进展当中的问题, 并给出成型建议；3、从系统应用的角度，利用数据挖掘/数理统计的理论和方法解决实际业务问题；4、通过技术对数据标签化，优化分发机制，提升分发效果和用户体验；5、基于系统平台对异常用户、潜在流失用户、潜在高价值用户等特征进行识别及标注，与业务同事合作共同制定运营策略。",1、统招本科及以上学历，计算机或数学相关专业优先；2、具有3年以上电商或推荐广告相关平台开发经验；具备行业内的用户理解能力与产品思维；3、熟悉Python/Scala/Java开发，有Hadoop/Spark/ELK/ Hive/Kafka等大数据平台的相关经验；4、具有一定的数据挖掘理论知识、业务数据分析和业务数据建模能力，能够熟练使用统计工具；5、具有较强的学习能力，良好的逻辑分析能力与沟通能力。
228,猎聘,计算机软件,"['2000', '5000']",本科,20,30,3,,
229,技术流独角兽公司,,['0'],本科,35,65,4,,
230,医渡云,互联网/移动互联网/电子商务,"['100', '499']",硕士,20,35,2,• 医疗大数据处理、分析、挖掘• 临床辅助决策问题建模、优化、服务开发• 医疗知识库建设• 与客户沟通需求，推进项目进展,"• 计算机及统计相关专业，硕士以上学历或者重点大学本科1年以上相关工作经验。• 具备扎实的算法、数据结构、程序设计基础知识。• 熟悉常见的机器学习算法(Bayes, 决策树、SVM、NN、LSTM等), 有扎实的数学基础。• Linux环境经验，熟悉hadoop/spark原理，有相关开发经验。 加分项"
231,医渡云,互联网/移动互联网/电子商务,"['100', '499']",本科,20,35,3,• 数据生产项目跟进• 面向数据，开展预测模型构建／关联关系分析等工作•  建设数据分析数据流 或 参与自然语言处理策略优化,• 数据挖掘 或 自然语言处理 背景（数据挖掘优先）•  Python主语言（或转Python意愿强烈主动）• 项目经验／技能，包含推荐算法、GBDT、随机森林等常见热门算法，或包含sklearn、pytorch、tensorflow等学习框架•  Linux工作环境，熟悉常见Linux命令
232,彩虹无线,互联网/移动互联网/电子商务,"['100', '499']",本科,25,35,5,1、基于车联网海量数据，发现车联网数据规律，挖掘车联网数据价值并建立分析模型；2、对车联网海量数据进行提炼、分析、归纳用户/车辆属性、行为等信息，输出分析报告；3、配合大数据平台，对于上线模型进行工程化代码实现或建议；4、根据业务形态和分析，逐渐积累可供业务产品使用的数据模型逻辑，推进产品实施，确保产品不断完善；,1、具有5-10年数据分析、数据挖掘、数据可视化等相关经验；2、熟悉常用数据挖掘算法（如分类、聚类、回归、关联规则、神经网络等）及其原理，并具备相关项目经验；3、熟练使用SQL访问和处理数据系统中的数据，掌握R语言/Python等任意一种数据分析语言。4、了解常用分布式计算和存储框架hadoop/HDFS/Hive/Spark等，具备相关项目经验优先；5、对时空数据、轨迹数据、地理信息数据感兴趣及有经验者优先；6、有车联网驾驶行为分析挖掘经验优先，能够在压力下工作。
233,股份制银行,,['0'],本科,20,40,2,,
234,滴滴,O2O服务,"['5000', '10000']",本科,0,0,5,,1. 优化滴滴最核心的地图出行数据，对海量的用户出行数据和地理信息数据进行分析建模，提升数据质量，改善滴滴用户每天的实际出行体验。 2. 参与基础数据体系建设，包括POI图谱化、知识库构建、POI特征体系建设等工作，研究NLP技术、深度学习等模型在短文本语义方面的理解和挖掘。 3. 负责核心机器学习、深度学习等算法的技术攻关，探索创新地图数据挖掘与推荐应用的模式，探索国内外新技术（RNN，CNN等）在用户出行领域的应用和落地。 4. 研究分析国内外业界的地图数据现状与特点，利用用户行为和地理空间数据，挖掘探索更深层次的地图数据价值。任职要求
235,北京志翔科技股份有限公司,网络安全,"['100', '499']",本科,15,30,1,1. 与项目及产品团队紧密合作，理解产品背景与需求;2. 对海量数据进行处理和分析，挖掘相关信息，建立模型，分析关键因素，优化核心决策;3. 跟进机器学习相关技术的业界发展，并合理的运用到实际产品中;,1. 计算机/数学/统计学/模式识别相关专业，本科以上学历； 2. 熟悉Linux平台，至少掌握Python/C/C++/Java其中一种编程语言；3. 掌握机器学习基本原理、流程以及应用方法；4. 熟悉常见机器学习方法，包括分类、回归、聚类、推荐、关联规则等算法；5. 在数据挖掘、机器学习领域中，具备将算法应用于实际生产系统的成功经验和能力；6. 具备良好的沟通能力和良好的团队合作精神。加分项
236,新奥数能科技有限公司,互联网/移动互联网/电子商务,"['100', '499']",本科,0,0,5,1.负责理解业务需求，运用统计建模，数据挖掘，机器学习方法解决实际问题；2.负责利用数据挖掘的方法，提出创新性场景及解决方案；3.负责场景及模型的文档描述、POC、开发、评估等工作。,"1.3年以上相关工作经验，具有统计学、计算机、数学相关专业背景，掌握扎实的统计学，数据挖掘，机器学习理论基础；2.超强的逻辑思维及推导能力，优秀的业务理解能力，能够独立，或者在指导下将业务问题转化为数据科学，机器学习或者统计相关问题并予以解决；3.熟练掌握常用的机器学习编程语言，如Python,R,Scala;4.良好的工程能力，遵循技术规范，能自己或者指导团队将机器学习模型应用于实际生产中；5.优秀的文档能力，能够将工作在文档中清晰的表达；6.具有结合数据挖掘，机器学习等设计场景并结合项目落地的经验优先考虑；7.自我驱动能力，对新技术有强烈求知欲和学习能力；"
237,三门峡崤云安全服务有限公司,互联网/移动互联网/电子商务,"['50', '99']",本科,9,15,0,"1、海量大数据分析、数据挖掘，负责分析和评估数据质量，提升数据治理的水平并指导数据采集；2、负责数据分析、加工、清理、预处理等数据质量分析工作；3、能够熟练使用Python编程,掌握numpy、pandas、matplotlib等常用分析工具包；4、能针对特定的业务场景，从数据中建模，解决问题；5、善于撰写文档，善于积累和输出者优先。",1、本科及以上学历，计算机、数理统计、机器学习、人工智能相关专业毕业优先，基础功底扎实，硕士优先；2、对oracle、MongoDb、hadoop，MySql、Redis熟悉优先；3、熟悉hadoop生态系统内常见项目的使用（hdfs、hive、hbase、spark、storm、zookeeper、kafka、yarn等）；4、熟悉数据仓库领域知识和技能者优先，包括但不局限于
238,三门峡崤云安全服务有限公司,互联网/移动互联网/电子商务,"['50', '99']",本科,8,15,1,"1、海量大数据分析、数据挖掘，负责分析和评估数据质量，提升数据治理的水平并指导数据采集2、负责数据分析、加工、清理、预处理等数据质量分析工作3、能够熟练使用Python编程,掌握numpy、pandas、matplotlib等常用分析工具包4、能针对特定的业务场景，从数据中建模，解决问题5、善于撰写文档，善于积累和输出者优先",1、本科及以上学历，计算机、数理统计、机器学习、人工智能相关专业毕业优先，基础功底扎实，硕士优先；2、对oracle、MongoDb、hadoop，MySql、Redis熟悉优先；3、熟悉hadoop生态系统内常见项目的使用（hdfs、hive、hbase、spark、storm、zookeeper、kafka、yarn等）4、熟悉数据仓库领域知识和技能者优先，包括但不局限于
239,上海某国有银行,,['0'],硕士,30,50,6,,
240,某某知名互联网公司,,['0'],本科,25,35,3,,
241,某国内超一线互联网公司,,['0'],本科,20,40,3,,
242,某大型互联网公司,,['0'],本科,50,70,4,,
243,某大型互联网公司,,['0'],本科,20,40,1,,
244,国内一线互联网公司,,['0'],本科,30,35,2,,
245,国内知名全国性商业银行,,['0'],本科,25,35,2,,
246,某物联网科技企业,,['0'],本科,40,60,5,,
247,Baidu,互联网/移动互联网/电子商务,['10000'],硕士,0,0,0,-负责百度付费搜索（凤巢）的拍卖机制优化、内容挖掘、AI生成算法改进 -基于大规模用户行为，以效果为目标，建立并优化竞价系统的基础算法和策略 -应用机器学习等尖端技术，针对海量信息建模，挖掘潜在商业价值 -负责在线广告投放系统的核心技术创新与优化 -提高在线广告的相关度、用户体验、投放效果及变现能力 ,-计算机或相关专业硕士以上学历 -良好的逻辑思维能力，和数据敏感度，能能够从海量数据中发现有价值的规律 -优秀的分析和解决问题的能力，对挑战性问题充满激情 -良好的团队合作精神，较强的沟通能力 -熟悉C/C++语言编程，对数据结构和算法设计有较为深刻的理解
248,索信达,互联网/移动互联网/电子商务,"['100', '499']",本科,20,35,3,1. 负责项目的需求调研、数据分析、商业分析及数据挖掘建模等工作；2. 根据业务需求，制定用户相关数据的采集策略，设计、建立、测试相关的数据模型，从而实现从数据中提取决策价值，撰写分析报告；并跟踪分析客户业务数据，为客户提供决策支持；3. 研究数据挖掘模型，参与数据挖掘模型的构建、维护、部署和评估工作；4. 完成需求分析、样本抽样、模型构建、指标定义以及相关文档编写；,"1. 数学、统计学本科及以上学历，硕士学历优先考虑;2. 3年以上互联网、金融行业数据分析、数据挖掘工作经验；3. 熟悉决策树、时间序列模型、回归分析模型、聚类挖掘、贝叶斯、关联规则挖掘等数据统计模型和挖掘技术，并有独立完整的建模实践经验；4. 熟悉sql、R、Python等语言，熟练使用SPSS、SAS等数据分析工具；5. 有大数据并行处理经验，能使用Hadoop/Hive分析海量数据；能高效的与技术团队进行沟通；6. 良好的数据敏感度,能从海量数据提炼核心结果；有丰富的数据分析、挖掘、清洗和建模的经验；7. 对数据驱动业务有深入理解，对数据与业务方面有足够敏感性，有较强的逻辑分析能力，有较强的独立思考能力；8. 能独立编写商业数据分析报告，及时发现和分析其中隐含的变化和问题，具备良好的商业敏感度和创新意识，快速识别商业问题和机会。"
249,索信达,互联网/移动互联网/电子商务,"['100', '499']",本科,30,50,5,1. 作为项目现场负责人，负责大数据探索项目的需求调研、数据分析、商业分析及数据挖掘建模等工作；2. 带领小组成员，根据业务需求，制定用户相关数据的采集策略，设计、建立、测试相关的数据模型，从而实现从数据中提取决策价值，撰写分析报告；并跟踪分析客户业务数据，为客户提供决策支持；3. 研究数据挖掘模型，参与数据挖掘模型的构建、维护、部署和评估工作；4. 完成需求分析、样本抽样、模型构建、指标定义以及相关文档编写；5. 配合售前工作或产品研发团队将分析结果落地实施。 ,1.      数学或统计相关专业，有咨询背景优先；2.      5年以上金融数据探索类项目经验，有银行零售业务营销项目经验的优先；3.      表达力
250,国内某知名互联网公仔厂公司,,['0'],硕士,28,45,2,,
251,美团点评,互联网/移动互联网/电子商务,['10000'],本科,20,40,2,1.参与住宿、门票业务的智能化建设，通过数据挖掘、算法来提升业务各个环节效率。具体工作包括但不限于销量预测、智能定价、热点挖掘、经营诊断等；2.与业务、产品团队密切合作，深入理解业务痛点，探索更优解决方式；3.和团队一起持续学习、成长，更好的助力业务发展。,1.计算机、数学、统计相关专业本科以上学历，相关工作经验1年以上；2.具有扎实的计算机基础，熟悉常用的数据挖掘技术，如决策树、聚类、逻辑回归、神经网络等；3.熟悉Hadoop、Spark、Hive等大数据处理工具，有海量数据挖掘项目经验者优先；4.良好的沟通能力和合作精神，逻辑思维能力优秀，热爱算法，热爱思考。
252,国内知名互联网公司,,['0'],本科,20,40,3,,
253,高盛国际人事顾问有限公司,专业服务(咨询/财会/法律/翻译等),"['100', '499']",本科,30,40,3,- 数学、计算机、金融相关本科专业毕业 - 具备3-5年数据爬虫、数据挖掘、数据分析经验 - 熟练掌握Python，Java等开发语言，具备Github代码库更佳 - 基础的私募股权投资知识，具备相关实习或工作经验优先 - 具有独立分析和团队协作精神，抗,
254,某公司,,['0'],不限,50,70,8,,
255,国内知名独角兽公司,,['0'],本科,30,59,2,,
256,国内某知名互联网公司,,['0'],本科,30,50,3,,
257,北京睿企信息科技有限公司,计算机软件,"['50', '99']",硕士,20,40,2,1、熟练使用至少一门编程语言（Python、Java、scala等）； 2、熟悉数据挖掘、数据分析、机器学习至少某一方面，有一定的理论研究和实践经验 ； 3、对数据敏感，熟悉常用数据挖掘算法，并有一定实,
258,中美联泰大都会人寿保险有限公司,保险,"['1000', '2000']",本科,0,0,5,1. 规划和执行客户数据库架构及数据仓库管理，建立客户数据标签体系和用户画像规则，整合既有客户及潜在用户数据，预测未来趋势协助渠道制定业务计划2. 执行客户行为和属性分析、销售行为分析等，规划建立电网销渠道营销模型和客户甄选体系3. 协同客户体验团队负责设计制作客户调研问卷，包括但不限于客户行为偏好、消费习惯等方面的调研问卷，用以实现数据标签的丰满4. 深挖互联网用户行为，规划并搭建平台埋点策略，基于标签体系和埋点应用，设计制作网销用户行为模型分析，及流量和转化分析等，为业务增长提供数据支持及策略性优化建议,1. 全日制本科及以上学历，数学、统计学、计算机专业2. 5年以上，有互联网、保险、互联网金融等行业经验者为佳3. 熟练运用SAS、R、Python、SQL、SPSS等统计工具，及word、excel、ppt、viso等office办公软件4. 精通内容、活动、销售等互联网保险业务场景中的数据评估模型5. 具备出色的逻辑思维能力和业务思维6. 良好的沟通技能和团队合作能力
259,锐合新创科技(北京)有限公司,专业服务(咨询/财会/法律/翻译等),"['1', '49']",本科,15,30,3,"1、负责构建公司数据分析与数据挖掘业务分析能力搭建, 落实本公司在产品的人工智能能力建设，并结合客户实际需求，设计客制化实施建议方案；2、负责机器学习人工智能算法在金融领域的应用的调研和开发，协同软件开发团队整合机器算法在公司产品体系内的落地应用；3、配合业务销售人员，了解客户需求，了解分析客户数据特征，并提出客户在大数据应用上的可行性实施技术方案；","1、热爱数据,对数据及逻辑关系敏感,并对数据体系有深入的认识;2、本科以上学历、统计学/应用数学/计算机科学等相关专业, 3 年以上工作经验; 3、具备深厚数据建模(机器学习,数据挖掘,信息检索背景)和分析理论知识和经验;4、熟悉 Linux 平台的海量数据分布式存储、分布式计算; 5、精通常用的数据分析工具, 有基于 Hadoop 的云计算平台, HBase 及类似的 NoSQL 存储, MySQL,和 BI 系统等实践经验; 6、熟悉基于Python语言库的爬虫类技术，能独立开发落地爬虫类应用程序；7、熟悉SVR，决策树、随机森林、自然语言处理、神经网络等机器学习算法的训练和模型开发部署以及有图算法的应用开发相关经验。8、有较强的对业务理解与分析能力,了解业务规划与策划能力以及相应经验; 9、具备较强的问题定位、分解、解决能力及计划和组织能力; 10、善于创新、思维敏捷、精力充沛,沟通能力强,能够承受较大工作压力; 11、有电子商务或互联网数据仓库或商业智能架构设计、开发实施经验者优先。12、熟悉至少Python、R两种编程语言，并精通Numpy，Panda、Matplotlib、PyTorch、TensorFlow等库包的应用和数据分析和算法开发。"
260,工业互联网解决方案提供商,,['0'],本科,25,45,2,,
261,北京知名股份制银行,,['0'],本科,25,45,3,,
262,知名互联网公司,,['0'],不限,30,50,3,,
263,万集科技,电子技术/半导体/集成电路,"['500', '999']",本科,15,30,3,1、负责大规模数据分析与挖掘、机器学习、深度学习、信息安全加密等领域的研发和应用2、负责相关产品关键算法的仿真和开发实现，包括原始特征挖掘、规则衍生和验证、模型训练、实施、以及在线学习方案实施3、负责深入分析现有算法，了解业务需求，给出有效的优化解决方案，将数据分析结果应用到实际业务场景，并能产生商业价值4、负责前沿算法研究，行业相关技术预研5、能够制定有效项目进度管理机制，按照项目上线时间表，推进项目研发工作,"1、统计、计算机，数学等专业本科以上学历，2-5年工作经验，在大数据和人工智能领域有相关工作经验者优先，有智能交通行业背景者优先2、熟悉常见数据挖掘算法，并有具体应用、调优经验3、熟练掌握SQL、R/Python/matlab至少一种、以及相关进行大规模分析的工具，Coding能力较强，有C++和Java语言编程经验的优先4、熟悉Hadoop/Spark/Hive等大数据分布式平台5、熟悉大规模分布式机器学习框架，比如Spark MLLib, MPI, Parameter Server和流行的深度学习开源工具，比如Caffe，Theano, Torch, TensorFlow, MXNet, CNTK 等6、具有较强的逻辑思维能力，良好的沟通能力和团队合作精神，有一定的组织协调能力和较好的抗压能力"
264,某上市公司,,['0'],本科,30,45,3,,
265,某著名亚洲网络企业,,['0'],本科,30,60,3,,
266,某互联网巨头,,['0'],本科,30,60,5,,
267,某央企媒体公司,,['0'],硕士,30,40,5,,
268,某知名互联网新零售公司,,['0'],硕士,50,80,6,,
269,某寿险总公司,,['0'],本科,30,60,2,,
270,中科三清科技有限公司,计算机软件,"['100', '499']",硕士,10,15,0,大气环境领域数据分析挖掘算法设计、开发及应用1）负责质控气象、污染观测及预报数据，评估预报数据；2）负责设计、优化数据存储规则、开发一些实用小工具；3） 利用统计算法、机器学习等算法，提炼挖掘数据深层关系，提升预报准确率；4）气象、污染、排放、模式输出等多源数据处理及融合分析；5）基于现有数据产品，设计、实现、业务化新数据产品；,1、学历与专业
271,医渡云,互联网/移动互联网/电子商务,"['100', '499']",本科,20,30,5,1.	海量医疗数据的清洗、统计、挖掘等算法研发。2.	利用机器学习模型在医学研究等方面对各种影响因素的挖掘与探索。3.	参与机器学习、数据挖掘、统计分析类的算法研究与实现,1.	机器学习、数据挖掘、计算机、数学、统计、金融等本科或以上学历2.	熟悉Python和SQL，具有两年以上的大数据统计分析和算法开发经验3.	熟练掌握Hadoop、Spark进行数据处理和分析 4.	扎实的理论和算法基础，对常见数据挖掘、统计和机器学习算法有一定的理解。5.	擅长逻辑模型分析、设计，较强的抽象、概括、总结能力，善于发现思考并能以产品的思路提出解决问题的方案6.	数据敏感，喜欢数据工作，相信能从中挖掘出价值，有医学或药学背景更佳。
272,北京快手科技有限公司,社交网络,"['5000', '10000']",不限,0,0,0,1、整合快手全站海量多维数据，实现深层语义挖掘，构建用户画像、知识图谱等数据库；2、深入搜索业务数据，创新性的思考和发现问题，驱动搜索产品迭代；3、分析挖掘用户画像、作品标签、用户行为等，发现业务增长点和创新点，输出高质量的洞察和判断，为决策提供支持。,1、对大数据分析在互联网业务场景中应用有浓厚兴趣或深刻理解，数学、统计学、计算机等专业优先；2、有数据结构和算法功底，精通至少一门编程语言，熟悉Hadoop/Hive/Spark等大数据分析工具； 3、很强的逻辑思维与商业洞察力，有通过数据分析项目大幅提升业务、运营指标的优先。
273,某某公司,,['0'],不限,28,35,3,,
274,万集科技,电子技术/半导体/集成电路,"['500', '999']",本科,20,30,3,1、负责大规模数据分析与挖掘、机器学习、深度学习、信息安全加密等领域的研发和应用；2、负责相关产品关键算法的仿真和开发实现，包括原始特征挖掘、规则衍生和验证、模型训练、实施、以及在线学习方案实施；3、负责深入分析现有算法，了解业务需求，给出有效的优化解决方案，将数据分析结果应用到实际业务场景，并能产生商业价值；4、负责前沿算法研究，行业相关技术预研；5、能够制定有效项目进度管理机制，按照项目上线时间表，推进项目研发工作。,"1、统计、计算机，数学等专业本科以上学历，2-5年工作经验，在大数据和人工智能领域有相关工作经验者优先，有智能交通行业背景者优先；2、熟悉常见数据挖掘算法，并有具体应用、调优经验；3、熟练掌握SQL、R/Python/matlab至少一种、以及相关进行大规模分析的工具，Coding能力较强，有C++和Java语言编程经验的优先；4、熟悉Hadoop/Spark/Hive等大数据分布式平台；5、熟悉大规模分布式机器学习框架，比如Spark MLLib, MPI, Parameter Server和流行的深度学习开源工具，比如Caffe，Theano, Torch, TensorFlow, MXNet, CNTK 等；6、具有较强的逻辑思维能力，良好的沟通能力和团队合作精神，有一定的组织协调能力和较好的抗压能力。"
275,昂坤视觉(北京)科技有限公司,电子技术/半导体/集成电路,"['50', '99']",硕士,15,30,3,公司是为LED生产工艺各个环节提供光学检测和测算设备及解决方案，属于机器视觉工业检测。被检测物体表面的缺陷，在不同工艺过程中受各种因素影响会发生演变。我们现要将各环节设备采集到的数据信息归集到数据仓库，通过数据传递、共享、挖掘、建模分析进行预测、验证等，并以此推动效率提升。设备软件开发是语言是C#、C++、Windows下Visual Studio编程环境。一、,1.	运用Python、R、SQL等工具，根据业务需求进行大数据模型设计与开发；2.	基于模型部署、测试、实施及模型应用效果监控工作，进行模型调优与维护；3.	从数据中提取决策价值，撰写项目可行性方案、建模分析报告，跟踪分析并提供决策支持；4.	完成需求分析、样本抽样、模型构建、指标定义以及相关文档编写；5.	配合售前工作或研发团队将分析结果落地实施。二、任职要求
276,知名连锁企业（互联网+娱乐＋汽车+电商),,['0'],本科,30,50,3,,
277,无忧英语,在线教育,"['2000', '5000']",硕士,16,25,0,1.    从业务逻辑中提炼并计算指标，比如课耗量，留存率等；2.    搭建指标体系，通过建模和分析等手段，描述各个因素对核心业务目标的影响；3.    开发 Shiny 数据报表，对核心指标进行监控；4.    提供后端接口，为业务部门服务。,1.    对概率分布，假设检验，回归分析有扎实的理解。对分类、聚类、最优化等算法熟练掌握；2.    数据敏感度高，有良好的分析问题与发现问题的能力，善于归纳技术方案的特性，并找出其不足与改进方法；3.    有 R 语言和 Python 的使用经验；能够独立完成”数据读取-＞统计分析-＞得出结论-＞输出报告”这一系列流程；4.    能够阅读英文的技术类文档(论文，软件介绍等)；5.    学习能力和语言表达能力强。目前岗位职责列的不多，对当前能力的广度和深度并不会有苛刻的要求。已经掌握很好的朋友也十分欢迎。统计思想和编程语言不是一朝一夕就能吃透，只要基础好学习能力强，大多数的软件工具，依葫芦画瓢，看一看练一练就能学会。比如SQL，比如 knitr，shiny，glmnet 等 R 包。 强调一下，列出来的要求都是需要的。感兴趣的同学，请一定把简历装饰到满足要求再来联系。
278,国内知名互联网公司,,['0'],本科,33,58,5,,
279,首约科技(北京)有限公司,O2O服务,['10000'],本科,0,0,3,"1、利用出行大数据，对派单、供需预测、智能调度、推荐上/下车点等核心业务进行优化，挖出用户的偏好特征、行为规律；2、结合实际业务需求选择适合的模型, 支持业务和产品策略落地; 3、高效的构建特征、实现模型、和工程开发者配合推进模型落地  ",1. 计算机、数学、统计相关专业本科以上学历，2年以上算法相关工作经验2. 具备数学、统计学、概率统计知识，熟悉常见的机器学习算法，优秀的建模能力 3. 熟练使用一门脚本语言，熟悉基础平台使用，熟悉主流机器学习框架
280,北京数制科技有限公司,大数据行业应用,"['50', '99']",本科,25,50,0,1，负责根据实际需求和问题，应用统计建模、数据挖掘、机器学习方法建立数据模型解决实际问题，设计和评估数据挖掘方案；2，参与相关模型开发和优化工作，负责模型在业务端落地；3，跟踪前沿的算法理论，并且将优秀的算法应用到业务场景中，通过技术创新提升业务价值。,1，本科或以上学历，计算机、电子信息、自动化、模式识别、数学、统计学等相关专业，掌握扎实的统计学、数据挖掘、机器学习理论基础；2，掌握Python，熟练者优先3，掌握基本的数据清洗和建模能力4，掌握数据分析和挖掘的基本方法（分类、估计、预测等）5，具备算法的基础知识，有过运筹优化算法（线性规划、动态规划、遗传算法、模拟退火算法、蚁群算法等）经验者优先6，良好的沟通表达能力与团队协作精神
281,北京数制科技有限公司,大数据行业应用,"['50', '99']",本科,20,35,2,1，负责根据实际需求和问题，应用统计建模、数据挖掘、机器学习方法建立数据模型解决实际问题，设计和评估数据挖掘方案；2，参与相关模型开发和优化工作，负责模型在业务端落地；3，跟踪前沿的算法理论，并且将优秀的算法应用到业务场景中，通过技术创新提升业务价值。,1，重点本科或以上学历，计算机、电子信息、自动化、模式识别、数学、统计学等相关专业，掌握扎实的统计学、数据挖掘、机器学习理论基础；2，2年以上同岗位工作经验，掌握Python，熟练者优先；3，掌握基本的数据清洗和建模能力；4，掌握数据分析和挖掘的基本方法（分类、估计、预测等）；5，具备算法的基础知识，有过运筹优化算法（线性规划、动态规划、遗传算法、模拟退火算法、蚁群算法等）经验者优先；6，良好的沟通表达能力与团队协作精神。
282,国内上市企业,,['0'],硕士,25,50,3,,
283,用友网络,计算机软件,['10000'],本科,20,40,4,1 以大数据为核心，对具体问题进行分析，构建机器学习模型，参与数据产品与应用的数据研发，发掘数据商业价值，结合各类大数据，为各项业务进行数据赋能。2、搭建数据挖掘平台和特征库，建立标签上线评估标准化流程；3、分析现有数据，探索平台新的业务增长点；,"1、机器学习、数据挖掘相关方向硕士以上学历或 3 年以上工作经验；2、具备扎实的数据结构及算法功底，优秀的工程实现能力；3、熟悉回归、聚类等机器学习算法，有丰富的算法应用经验；4、良好的逻辑思维能力,优秀的分析和解决问题的能力,对挑战性问题充满激情 5、良好的团队合作精神,较强的沟通能力。"
284,医渡云,互联网/移动互联网/电子商务,"['100', '499']",本科,10,15,0,,1. 海量医疗数据的清洗、统计、挖掘等算法研发。2. 利用机器学习模型在医学研究等方面对各种影响因素的挖掘与探索。3. 参与机器学习、数据挖掘、统计分析类的算法研究与实现。任职资格
285,某知名理财金融平台,,['0'],本科,15,30,4,,
286,知名互联网企业,,['0'],本科,33,58,4,,
287,河北幸福消费金融股份有限公司,互联网金融,"['100', '499']",本科,15,25,3,1. 参与业务分析、增强对核心用户群体的认知，制定关键指标并得出有效结论或量化模型；2. 负责金融方向客户大数据应用，利用机器学习建立金融行业数据模型，包括特征工程、数据建模、模型测试评估及模型应用等工作；3. 建立高价值客户挖掘模型、产品推荐模型、RFM模型、流失预测等业务模型，基于模型结果提升客户业务价值；4. 根据项目形态及需求，进行业务沟通和规划，组织或参与项目的开发，管理，建模，验证等工作；,1. 本科及以上学历，具有统计、数学、计算机类专业背景，有金融行业建模经验优先；2.具备较强的工程能力，扎实的数据结构和算法基础，熟悉Hadoop、Hive、Spark优先；3.对金融业务有较深理解，2-3年金融方向相关分析和建模经验；4.自我驱动能力很强，积极学习能力较强，善于沟通和思考，团队协作能力优秀；5.熟悉Python/R/SAS/SQL，至少3年以上数据挖掘、机器学习相关经验，至少亲身完成一个中大型建模项目；
288,小米,互联网/移动互联网/电子商务,['10000'],本科,25,50,1,1、可以学习和掌握小米公司最先进的大数据处理平台，涉及机器学习、深度学习、数据挖掘、统计等一系列的专业领域；2、拥有最好的数据和实验环境，立足于智能硬件几亿用户和数百亿的数据，负责用户画像标签体系建设和标签挖掘。,1、本科以上学历，工作3年以上，扎实的统计学、数据挖掘、机器学习理论基础，能够利用高等数学知识推演高维数学模型；2、熟悉聚类、分类、回归、图模型等机器学习算法，对常见的核心算法理解透彻，有实际建模经验；3、具有扎实的计算机操作系统、数据结构等编程基础，精通至少一门编程语言例如；Java/C++/Python/Scala；4、深入理解Map-Reduce模型，对Hadoop、Spark、Storm等大规模数据存储与运算平台有实践经验；5、对于标签挖掘有实践经验者优先；6、能够积极创新， 乐于面对挑战， 负责敬业；7、优秀的团队合作精神，诚实，勤奋，严谨。
289,小米,互联网/移动互联网/电子商务,['10000'],硕士,30,60,0,1、运用各类分析方法对业务、日志数据进行分析与抽象，为线上策略模型改进提供支持；2、建立完善的质量运营体系，对各垂直领域支持的功能、用户分布、召回和准确等进行有效把控。,"1、熟练使用至少一门编程语言（Python、Java、scala等）；2、熟悉数据挖掘、数据分析、机器学习至少某一方面，有一定的理论研究和实践经验 ；3、对数据敏感，熟悉常用数据挖掘算法，并有一定实践经验；4. 具有大数据处理经验，熟悉Hadoop, Hive, Spark等大数据处理平台。"
290,互联网头部企业,,['0'],本科,25,50,3,,
291,国内一线互联网,,['0'],本科,25,50,4,,
292,国内知名互联网金融公司,,['0'],硕士,40,70,3,,
293,高德软件,互联网/移动互联网/电子商务,"['2000', '5000']",本科,23,46,3,"""1. 算法大牛，能够带领数据挖掘团队，做POI的过期趋势、坐标与到达挖掘，文本理解2. ",深刻理解数据(挖掘的源)的特征、量级、信息本质3. 业务分析
294,民生证券股份有限公司,证券,"['2000', '5000']",本科,10,25,0,1、参与交易、客户管理类系统开发；2、负责数据挖掘领域的工作，参与数据挖掘及数据产品研发的规划、设计及实施；3、对海量用户属性、行为数据进行挖掘与分析，建设基于知识图谱的算法产品和数据应用，通过数据挖掘和机器学习算法解决知识图谱在企业客户画像、运营效果分析、智能推荐等业务应用中的实际问题。,"1、35周岁以下，本科及以上学历，计算机、数学、统计等相关专业；2、作为核心团队成员参与过金融数据分析或数据挖掘项目，有实际项目成果者优先考虑；3、熟悉数据挖掘过程，熟练掌握一种以上计算机语言（python,C/C++,java,R等），具备独立完成数据抽取、数据处理、数据建模及验证、数据分析报告等任务的能力；4、有良好的数学基础，熟悉xgboost,svm,回归,聚类等机器学习常用算法，熟练掌握一种以上深度学习框架（Paddle/Tensorflow/Torch/MxNet/Theano等）；有算法落地经验；5、具有较强的逻辑分析能力，对新知识、新事物具有强烈的钻研精神，思路清晰、思维缜密。"
295,顺丰商业事业群,互联网/移动互联网/电子商务,['10000'],本科,10,20,3,深入业务，了解业务痛点，为业务线建立数据支持体系，通过数据为业务优化提供效果评估及数据决策支持；2、,构建用户分析体系，包含用户行为分析、用户画像分析等，挖掘潜在的规律趋势，协助业务进行策略优化；3、目标监测
296,北京瓴岳信息技术有限公司,互联网金融,"['100', '499']",本科,0,0,1,1. 计算机或相关专业985本科及以上学历；2. 熟悉Java/Python等编程语言，对数据结构和算法设计有较为深刻的理解；3. 良好的逻辑思维能力，能够从海量数据中发现有价值的规律；4. 优秀的分析和解决问题的能力，对挑战性问题充满激情；5. 良好的团队合作精神，较强的沟通能力和学习能力；6. 有数据挖掘、机器学习、推荐系统相关经验优先；7. 有互联网金融工作经验优先。,风控数据平台建设，包括数据交互、特征提取、数据挖掘、用户画像等；风控模型的开发与优化；风控数据和模型监控系统建设。
297,北京瓴岳信息技术有限公司,互联网金融,"['100', '499']",本科,15,30,1,1. 计算机或相关专业985本科及以上学历；2. 熟悉Java/Python等编程语言，对数据结构和算法设计有较为深刻的理解；3. 良好的逻辑思维能力，能够从海量数据中发现有价值的规律；4. 优秀的分析和解决问题的能力，对挑战性问题充满激情；5. 良好的团队合作精神，较强的沟通能力和学习能力；6. 有数据挖掘、机器学习、推荐系统相关经验优先；7. 有互联网金融工作经验优先。,风控数据平台建设，包括数据交互、特征提取、数据挖掘、用户画像等；风控模型的开发与优化；风控数据和模型监控系统建设。
298,滴滴,O2O服务,"['5000', '10000']",本科,42,75,3,1.  优化滴滴最核心的地图出行数据，对海量的用户出行数据和地理信息数据进行分析建模，提升出行数据质量，改善滴滴全国用户每天的实际出行体验。  2.  参与基础数据体系建设，包括POI图谱化、知识库构建、POI特征体系建设等工作，研究NLP技术、深度学习等模型对短文本语义的深度理解和挖掘。  3.  负责核心机器学习、深度学习等算法的技术攻关，探索创新地图数据挖掘与推荐应用的模式，探索国内外新技术（RNN，CNN等）在用户出行领域的应用和落地。  4.  研究分析国内外业界的地图数据现状与特点，利用用户行为和地理空间数据，挖掘探索更深层次的地图数据价值。,1.  熟练掌握常用的数据挖掘、机器学习、深度学习算法，并有产品化经验，具备良好的算法选型能力，以及机器学习优化经验；  2.  熟练掌握深度学习技术，包括但不限于CNN，RNN，LSTM，迁移学习，强化学习等等;  3.  具备深厚的运筹学、统计学、数理统计、概率论等数学理论功底；  4.  有非常强的业务模型抽象能力，可以将业务模型抽象成为数据模型建模；  5.  熟练掌握C\C++、Java、Python等至少2种编程语言，有一定的Hadoop等海量数据处理经验；  6.  沟通能力强，有Mentor经历者优先；
299,某细分领域独角兽，行业top,,['0'],本科,50,80,3,,
300,北京快手科技有限公司,社交网络,"['5000', '10000']",本科,20,50,3,1、挖掘站内外海量数据，构建用户基础属性和偏好画像；2、了解广告业务，基于数据驱动行业开拓和效果优化；3、搭建数据挖掘平台和特征库，建立标签上线评估标准化流程；4、分析现有数据，探索平台新的业务增长点；,"1、优秀的编码与代码控制能力, 有扎实的数据结构和算法功底2、良好的逻辑思维能力，能够从海量数据中发现关键特征3、熟悉linux开发环境，熟悉C++和python语言4、熟悉大规模数据挖掘、机器学习、深度学习、NLP中一项或多项，具备实际工作经验5、有广告投放、用户属性建模、Kaggle竞赛经验者优先6、有创业者基因"
301,知名美国上市的互联网企业,,['0'],本科,30,60,2,,
302,QuestMobile,数据服务商,"['50', '99']",本科,12,18,2,1.	负责外部客户数据挖掘需求和内部研究需求的评估和执行工作，保质保量按期交付；2.	基于对海量数据的理解，能够挖掘海量数据特征，洞察业务动因，进行特征分析建立诸如人群聚类分析等;3.	研究数据挖掘或机器学习领域的前沿技术，针对海量行为和内容信息建模，构建和优化各类特征标签模型；4.	基于对消费者的理解和海量量数据特征，参与行为预测、个性化标签等模型建设和领域研究，提升数据变现能力等；5.	定期梳理、归纳、总结客户同质化需求，推动产品和服务的标准化、更新迭代和优化等工作；,"1.	大学本科或以上学历，数学、统计、计算机等相关专业; 2.	2年以上数据挖掘、数据分析相关工作经验，对数据敏感，能从数据中发现问题、解决问题; 3.	熟练掌握数据挖掘、建模理论，以及方法论，熟练使用 SQL，掌握R、SAS、Python等软件使用优先; 4.	具有较强的逻辑思考能力，沟通协调能力；思维活跃，有创新精神，能承受工作压力;5.	主动性好，做事稳重不浮躁，善于对内和对外沟通,强有力的执行能力。"
303,国内知名互联网公司,,['0'],本科,40,60,3,,
304,国内知名互联网公司,,['0'],硕士,45,60,2,,
305,中国经济信息社有限公司,其他,"['1000', '2000']",硕士,15,40,3,1.研究征信领域的数据挖掘前沿技术，并用于实际问题的解决和优化；2.对金融行业信贷、风险管理业务等征信业务场景进行数学模型设计与开发；3.基于模型部署、测试、实施及模型应用效果监控工作，进行模型调优与模型优化；4.负责建模报告、模型验证与报告撰写，根据实际的建模业务，负责提出并反馈流程、策略、人员等问题；5、协调支持紧急性的数据相关项目；6、日常数据管理、维护。,1．硕士以上学历；2．具有应用数学、计算机、金融工程及相关专业背景；3.三年以上数据开发经验，精通SQL或Hive、Hbase编程；精通MATLAB、R、SAS、Python、SPSS等常用数学建模与分析工具；4.有数学建模及优化算法开发经验，精通数学建模及优化算法设计，掌握遗传、模拟退火等现代优化算法；5．有扎实的统计分析功底，快速精准的分析能力，能够处理大量数据进行建模；有较强的业务问题分析，模型抽象能力和创新能力；6.熟悉金融机构授信及风险管理流程、软件建模（UML）及软件工程；7.有风控、推荐、人群画像、企业画像等领域模型构建和调优工作经验者优先；8、良好的沟通、协作能力，工作细致，有强烈的责任心。
306,Baidu,互联网/移动互联网/电子商务,['10000'],本科,20,30,2,-负责系统的升级和维护 -分析系统的技术缺陷，做出合理地调整或改进，提高系统的稳健性 -负责百度B2B搜索的核心技术研究和开发工作，完成产品功能并提高客户满意度 -设计各种策略和算法，提升采购结果的排序、推荐、分发效果，提高用户转化率和广告收入,"-精通C/C++/Python语言编程，熟悉linux平台 -对数据结构、算法设计和机器学习有较为深刻的理解 -熟悉推荐算法/CTR模型/Rank模型涉及的相关基础技术者优先 -具备优秀的分析解决问题能力和良好的沟通能力以及团队合作精神 -对搜索技术和探索未知领域有浓厚的兴趣,对解决具有挑战性问题充满激情"
307,Baidu,互联网/移动互联网/电子商务,['10000'],本科,20,30,2,-负责系统的升级和维护 -分析系统的技术缺陷，做出合理地调整或改进，提高系统的稳健性 -负责百度B2B搜索的核心技术研究和开发工作，完成产品功能并提高客户满意度 -设计各种策略和算法，提升采购结果的排序、推荐、分发效果，提高用户转化率和广告收入,"-精通C/C++/Python语言编程，熟悉linux平台 -对数据结构、算法设计和机器学习有较为深刻的理解 -熟悉推荐算法/CTR模型/Rank模型涉及的相关基础技术者优先 -具备优秀的分析解决问题能力和良好的沟通能力以及团队合作精神 -对搜索技术和探索未知领域有浓厚的兴趣,对解决具有挑战性问题充满激情"
308,神州数码医疗科技股份有限公司,IT服务/系统集成,"['100', '499']",硕士,20,40,3,1.参与具体问题解决方案的设计工作，同研发经理共同分析医疗大数据业务背景及需求；2.运用机器学习相关技术，对大规模医疗数据进行处理，分析和挖掘，建立数据分析模型；3.跟进数据挖掘，机器学习相关技术的业界发展，并合理的运用到医疗数据研发产品中；4. 与业务部门沟通合作，将数据分析模型应用于实际业务；,"1.硕士（含）以上学历，计算机或统计学相关专业；2. 熟悉数据库及SQL, 掌握一种或多种常用算法编程语言，如R、Python、java、C++等；3. 在数据分析、预测方向有数据建模经验，有机器学习项目经验者优先考虑，如logistic regression, 神经网络，SVN及决策树等；了解相关的数据分析或机器学习库;4.符合以下一项和多项条件者优先"
309,同盾科技,人工智能,"['1000', '2000']",本科,30,45,5,,
310,京东数字科技控股有限公司,基金/证券/期货/投资,"['2000', '5000']",本科,0,0,3,1、深入了解海外本地和跨境场景下钱包及电商平台的业务模式。分析平台上消费者、小微企业的行为数据和属性，并对公开第三方数据有较全面的了解；2、了解信贷方案的模式，并理解其相关的信用风险与欺诈风险；3、设计完整的覆盖贷前、贷中、贷后及反欺诈的模型框架，应用先进的统计建模，数据挖掘，机器学习方法解决实际的信用和欺诈问题；4、设计并实现信贷业务相关的价值、盈利、营销类模型；5、探索内外部数据，能发现并评估应用价值和方法，为后续模型或策略的工作提供基础；6、与跨国团队一起完成模型的实施上线；7、完成各类分析调研报告等。,1、3+年海外工作、学习、或外资公司经验，从事个人或企业类贷款风险管理和模型工作，有各类统计模型或机器学习模型设计开发的实际工作经验；有供应链金融或互联网金融经验者优先2、有风险输出咨询或商业方案设计谈判等经验加分；对于FINTECH 市场比较了解的加分；3、对新的模型算法有了解，在以下领域有扎实及独到的理解，如
311,SenseTime（商汤集团）,计算机软件,"['1000', '2000']",硕士,0,0,0,1、计算机基础扎实，精通数据结构与算法； 2、熟悉C++、JAVA、python中的一种或多种编程技术，编程能力强，有使用大数据开源组件的经验，熟悉hadoop/hive/spark/ES/druid； 3、 熟悉大规模数据挖掘、机器学习、分布式计算中一项或多项，对GBDT，LR 等模型熟悉； 4、 熟悉协同过滤、回归分析模型、关联规则挖掘、分类和聚类算法等数据统计模型和挖掘算法，能够验证算法效果，有独立完整的建模实践经验； 5、熟悉图计算、时序数据分析、数据可视化、异常检测、推荐系统、非结构化数据挖掘等，但不限于分类/聚类、个性化标签、属性挖掘等领域；  ,1、计算机、数学、统计、自动化等相关专业硕士及以上学历； 2、3年以上在数据科学或者数据挖掘领域的经验； 3、在国内外知名互联网企业有相关工作经验者优先。 4、ACM、ICPC、NOI/IOI、Top coder、kaggle比赛获奖者优先； 5、学习能力强，逻辑思维清晰，能够独立思考、擅于归纳总结；
312,深圳某科技公司,,['0'],本科,25,50,3,,
313,北京国信会视科技有限公司,计算机软件,"['100', '499']",本科,15,25,1,1.   运用工程知识、机器学习的理论和方法，开展工程设备中故障的诊断、预测、零部件的寿命预测等的模型研发；2.   参与智能制造、智能运维、智慧运营产品和项目的数据挖掘项目，包括项目文档，数据探索分析，模型构建优化，模型部署与管理；3.   对复杂装备运行、维修数据进行分析，结合各系统原理，理解数据含义，参与数据挖掘平台中数据集市、数据仓库的建设；4.   对轨道交通装备中的通用零部件做专题原理、故障、寿命研究，形成零部件和系统级特征描述；,1.本科及以上学历相关机械、电气、控制、计算机、数学专业，两年以上数据分析、模型开发工作经验；2.熟悉常用数据结构，具备Linux环境研发能力，熟悉python语言，熟悉挖掘相关的工具；3.熟悉数据挖掘相关算法，包括但不限于决策树、SVM、聚类、逻辑回归等，并实际业务中的深度学习/机器学习相关工作经验；4.熟悉Spark，Hadoop，Hive，Storm者优先；5. 理解数据库原理，能熟练操作常见MySQL\Oracal\MSSQL，以及非关系数据库；6.具备良好的学习能力和沟通交流能力，能够迅速熟悉业务，融入团队；
314,长城汽车股份有限公司徐水哈弗销售分公司,汽车/摩托车,['10000'],本科,25,30,5,1、参与大数据平台相关产品算法设计、实现及优化2、应用机器学习、深度学习， 数据挖掘等技术，针对海量数据建模；包括但不限于用户画像、车联网变现、竞品分析3、持续评估和优化， 并推进大数据平台升级迭代,1、 具有海量数据挖掘及分析相关的项目经验，参加过完整的数据挖掘项目；2、精通各种数据挖掘、机器学习算法及其原理，能根据业务场景，建立挖掘模型，选择最合适和高效的算法并实现；3、对以下至少一个领域有深入研究或者资深的工作经验
315,美团点评,互联网/移动互联网/电子商务,['10000'],本科,0,0,6,,1.负责住宿、门票业务的智能化建设，通过数据挖掘、算法来提升业务各个环节效率。具体工作包括但不限于销量预测、智能定价、热点挖掘、经营诊断等；2.与业务、产品团队密切合作，深入理解业务痛点，探索更优解决方式；3.带领团队攻克问题难点，给予团队成员指导，促进团队共同成长。岗位基本要求
316,美团点评,互联网/移动互联网/电子商务,['10000'],本科,0,0,2,,1.参与住宿、门票业务的智能化建设，通过数据挖掘、算法来提升业务各个环节效率。具体工作包括但不限于销量预测、智能定价、热点挖掘、经营诊断等；2.与业务、产品团队密切合作，深入理解业务痛点，探索更优解决方式；3.和团队一起持续学习、成长，更好的助力业务发展。岗位基本要求
317,北京奇元科技有限公司,互联网/移动互联网/电子商务,['0'],本科,25,50,3,1.理解安全数据分析业务需求，运用统计建模，数据挖掘，机器学习方法从360海量存储中挖掘0day/nday攻击事件/apt攻击事件或者新的恶意病毒/木马； 2.利用360海量数据进行事件挖掘，通过用户标签体系构建及模型构建，面向攻击事件挖掘/漏洞攻击挖掘/攻击团队画像/新攻击样本发现等应用提供模型及算法支撑 3.进行数据挖掘模型以及相关系统的开发，评估，部署，监控优化工作； 4.深入安全业务，利用对数据的理解和数据挖掘结果，与其他小组或团队协同完成整个攻击链事件和溯源过程的完善和还原 ,1.具有统计学，计算机，数学相关专业背景，掌握扎实的统计学，数据挖掘，机器学习理论基础2.具备工程开发能力，熟练掌握python R编程语言 3.具有数据挖掘，机器学习相关项目经验 4.自我驱动能力，对新技术有强烈求知欲和学习能力 5.良好的英语听说读写能力，良好的团队沟通合作能力 具备以下条件优先 1.参加过kaggle或类似比赛并获得不错名次 2.在有影响力的会议或期刊发表过数据挖掘，机器学习相关论文 3.有大数据挖掘，自动化风控，征信，互联网金融，攻击溯源等相关经验 4.参与过商业化的模型（分类器，推荐系统，NLP模型等）落地项目
318,中信银行,银行,['10000'],本科,20,35,3,,
319,vivo,通信(设备/运营/增值),['10000'],硕士,40,70,5,1、负责推荐系统、广告系统的数据模型开发及算法优化；2、负责用户标签的算法设计和优化。,1.硕士及以上学历，机器学习、数据挖掘等相关专业；2.3年以上的工作经验，熟悉数理统计、数据分析、数据挖掘，熟知常用的机器学习算法；3.熟悉各种抽样方法（分层，过抽样等），特征处理方法（缺失值处理，离散化等）；4.熟悉Spark &amp; Python开发，对数据结构和算法设计有较为深刻的理解；5.熟悉大规模数据挖掘、机器学习、自然语言处理、分布式计算中的一项或多项技术，并具有实际工作经验6.熟悉机器学习框架或工具（Spark MLLib，TensorFlow， Caffe等），了解源码并能应用项目7.具备用户画像、推荐系统等方面的工作经验优先；8.具备大规模分布式计算平台的使用和并行算法的开发经验，对大数据处理及应用有浓厚兴趣；9.具备较强的团队协作能力和沟通能力，思维活跃，学习能力强。
320,魔秀科技,互联网/移动互联网/电子商务,"['100', '499']",本科,0,0,3,"1.参与大数据计算平台的业务模型设计、功能的开发,数据实时和离线计算。2.参与解决其它部门提出的业务方案与开发。3.参与大数据中间件的设计和开发。4.懂cloudera manager 调优。5.负责推荐系统的优化、改进以及后期的设计、开发。6.追踪大数据前沿技术，优化平台相关技术栈。任职资格1. 精通Java、scala以及shell脚本语言、熟悉多线程，设计模式等。2. 精通/spark/habse/hive/redisfka/ES 环境部署以及开发,有运维经验者优先。3. 精通Spark开发，了解spark内核原理,有spark大型项目经验者优先。4. 了解常用的算法，有推荐系统经验着优先。(推荐常用的算法及优",1､计算机专业 本科及本科以上（211､985院校优先，硕士优先）。2､3年大数据经验以上。（项目开发经验）3､擅长spark，清楚Hadoop生态圈以及spark技术栈。4、开发语言scala。
321,中航航空电子有限公司,航空/航天,"['100', '499']",博士,20,30,0,对空战等实飞、实训、仿真数据进行清洗、贯标存储；对作战大数据进行战术战法挖掘；对作战大数据进行个性化行为特征挖掘；数据可视化建模。,中国籍、热爱祖国，对航空事业有兴趣；熟悉数据挖掘基本理论、方法和工具；有过数据挖掘项目经验。
322,北京零点有数数据科技股份有限公司,专业服务(咨询/财会/法律/翻译等),"['500', '999']",本科,10,15,0,1、可独自完成大数据项目的数据分析工作；2、能够进行常规项目数据挖掘、模型建构；3、在数据产品研发中进行数据建模、数据处理；,1、大学本科及以上学历，金融、统计学、数学等相关专业；硕士优先；2、有2-3年数据行业工作经验；3、熟悉SAS/python/R等、大数据领域常用软件；4、熟悉大数据常规分析算法与模型；5、分析能力强，逻辑思维清晰；6、能适应出差；7、具备良好的团队合作精神及抗压能力，有进取精神、善于学习、思维敏捷、善于创新。
323,中国电信股份有限公司北京研究院,政府/公共事业/非营利机构,"['100', '499']",本科,12,20,0,1、基于大数据应用服务能力的模型设计；2、构建用户价值模型；3、组织算法模型开发部署，并持续迭代优化；4、参与大数据平台、数据集市需求分析、设计等。,"1、全日制大学本科以上学历（数学、计算机、统计类相关专业毕业优先），1年以上工作经验；2、对建模前的数据准备和清洗、建模流程、建模方法、模型评估有实操和概念，在业务专家指导下可以独立建模；3、熟练使用Python,R等编程工具实现算法逻辑。；4、逻辑清晰、有表达能力，善于学习、思考和总结。"
324,泰瑞数创,互联网/移动互联网/电子商务,"['100', '499']",本科,15,25,1,1、负责公司语义数据挖掘相关模型的开发，2、产品相关文档的编写与维护；3、对公司现有产品可以提出建设性意见，及改进方案；,"1、数学或计算机相关专业本科以上学历2、具有两年以上Python开发经验3、从事过深度学习图像数据挖掘相关开发工作4、具备较强的逻辑思维能力,有较好的算法基础5、有图像分割相关经验者优先6、具有GIS行业研发经验者优先"
325,民生银行,银行,['10000'],本科,0,0,5,"1.负责带领和指导团队开发数据和制定模型驱动的技术方案，解决不同场景下的业务问题,包含但不限于风控、营销、客户生命周期管理、差异化定价等；2.负责模型的生命周期管理，并优化已上线模型；3.负责带领团队进行前沿算法研究和探索，实现自主创新；4.负责与业务部门紧密合作，通过数据分析和建模优化业务流程、解决业务的疑难点,并对业务工作提出建设性意见；5.负责搭建结构化和非结构化（包括图像、文本和语音等）的大数据分析与应用。任职要求1.年龄35周岁（含）以下，全日制大学本科及以上学历，金融、会计、审计、信息安全、计算机、经济管理等专业优先；2.具有5年以上从事统计分析/建模/数据挖掘/机器学习等工作经验，其中包含3年以上在金融领域中与数据科学相关的工作经验，有丰富的风险类模型和营销类模型项目开发经验；3.具有扎实的技术基础，精通主流数据处理、分析及算法开发工具(SQL/SAS/PYTHON/R等），具有大数据平台上项目开发经验者优先；4.对特别优秀者可适当放宽学历、工作年限",如您对职位感兴趣，请到中国民生银行招聘官网投递简历，谢谢！
326,美菜,电子商务,['10000'],本科,18,35,3,,1.负责供应链业务数据分析、处理工作；2.负责整合配送信息、订单信息、POI信息等进行数据分析，配合算法工程师改进算法；3.负责调度策略相关的数据处理工作。任职资格
327,易车公司,互联网/移动互联网/电子商务,"['2000', '5000']",本科,30,35,3,1、负责项目的需求调研、数据分析和数据挖掘模型等，通过对用户的行为进行分析了解用户的需求；  2、通过对海量数据的分析挖掘，提取用户特征、行为轨迹； 3、负责为产品运营提供数据分析支持，包括但不限于产品分析、用户分析、运营分析等；并根据分析结果提出可落地的业务策略建议； 4、独立完成项目需求管理、方案设计、实施管理和项目成果质量的把控。,1、3年以上移动互联网数据分析岗位相关工作经验，计算机、统计、数学等相关专业大学本科以上学历；2、掌握常用的分类、聚类、预测、关联规则、序列模式等挖掘算法，了解数据挖掘前沿技术，对算法的优缺点及适用场景有自己的见解；  3、参与过比较完整的数据采集、整理、分析和建模工作； 4、熟悉SQL，熟练使用SPSS、R、SAS、Python等任一统计分析工具；5、有Hadoop、Hive、Spark等使用经验者优先 6、对用户行为路径分析或对用户生命周期分析有经验者优先7、具备与技术人员沟通数据需求的能力，具备良好的分析和解决问题的能力，具备良好的项目推动能力和执行力； 8、有较强的沟通能力、抗压能力、主动性及团队合作精神
328,京东数字科技控股有限公司,基金/证券/期货/投资,"['2000', '5000']",本科,0,0,5,1、基于对业务的深刻理解，梳理业务逻辑及核心流程，建立指标体系；2、数据产品建设，完成数据采集，指标逻辑定义，报表研发，通用数据提炼等；3、通过数据整合产品建设和新模式的探索，建设数据服务能力；4、构建数据访问平台，达到业务自助访问数据的目标，提升数据访问的时效性；5、通过数据驱动方式对公司重大数据问题进行专题分析。,"1、5年左右数据分析工作经验，电商、游戏、移动互联网、金融行业数据分析、BI背景优先；2、具有较强的数据敏感度，精通数据分析基础知识，熟练掌握数据分析的体系流程与方法；3、熟练掌握数据分析工具和技术，SQL,R,python,Excel,tableau等；4、熟悉hive、spark等大数据平台，熟悉linux工作环境，有较强的代码能力者优先；5、对互联网行业有清晰的认知和激情，理解。客户的业务需求和痛点；6、学习能力好，主动性强。"
329,华晨宝马,汽车/摩托车,['10000'],本科,0,0,4,•识别，分析和解决计划支持问题。•与BU利益相关者合作，确定并优先考虑数据和统计要求，包括要收集的特定数据元素。•协助开发和实施数据库，数据收集系统/工具，数据分析以及其他优化统计效率和质量的策略（包括确定流程改进以更好地满足业务需求）。•分析大量数据集，提出有见地的业务建议。•通过查看报告和绩效指标来确定和纠正数据收集问题，从而确保数据的准确性和完整性。•识别，分析，解释和建模数据湖中数据的趋势或模式。•为各种受众设计和生成准确有效的统计数据可视化产品和报告。•通过促进技术和非技术利益相关者之间的沟通，确保技术团队了解计划和业务工作的短期和长期目标•准时交付优质，易懂，明确的产品。•参与构建机器学习策略平台。•对数据驱动业务，关键思想家，问题解决者和自我启动者的热情•促进技术和非技术利益相关者之间交流的能力•出色的书面和口头交流能力。,•获得认可大学的相关学科的硕士学位•至少5年的数据分析和策略经验•在定量分析和统计建模方面具有实践经验的历史记录。•具有数据可视化经验。•具有使用数据库应用程序和SQL的经验。 优先资格•Python，Scala或Java开发经验•熟悉数据建模•具有敏捷技术或方法的经验。•参与标签分类法周期的经验。•具有MarTech或汽车公司项目的经验。
330,字节跳动,互联网/移动互联网/电子商务,['10000'],本科,25,50,1,1、负责反作弊系统的系统设计及策略优化； 2、通过海量数据，分析与挖掘各种潜在关联，从而不断优化反作弊效果，更好地识别作弊流量，保障长远健康发展。,1、计算机或安全相关专业本科及以上学历； 2、熟悉机器学习、数据挖掘、数据分析、分布式计算至少某一方面，有较深的理论研究和实践经验 ；3、精通至少一门编程语言，熟练运用各种常用算法和数据结构，有独立的实现能力 ；4、有互联网相关反作弊工作经验者优先； 5、具备优秀的逻辑思维能力，对解决挑战性问题充满热情，善于解决问题和分析问题； 6、良好的团队合作精神，较强的沟通能力和学习能力； 7、有数据分析及数据挖掘相关工作经验者优先。
331,饿了么,,['0'],本科,30,60,5,,
332,Baidu,,['0'],本科,20,40,2,,
333,美团点评,,['0'],本科,0,0,3,,
334,美团点评,,['0'],本科,0,0,4,,
335,北京菜鸟物流有限公司,,['0'],本科,25,45,0,,
336,北京花牛信息技术有限公司,,['0'],本科,20,40,0,,
337,北京快融保金融信息服务股份有限公司,,['0'],本科,0,0,3,,
338,新浪微博,,['0'],本科,30,50,0,,
339,浙江吉利控股集团,,['0'],本科,0,0,2,,
340,猎聘,,['0'],本科,25,40,0,,
341,京东,,['0'],本科,0,0,5,,
342,今日头条,,['0'],本科,25,50,3,,
343,华安易邻里(北京)科技有限责任公司,,['0'],本科,20,22,3,,
344,中国电信股份有限公司北京研究院,,['0'],硕士,0,0,0,,
345,简单学习网,,['0'],本科,15,30,3,,
346,京东商城,,['0'],本科,30,40,0,,
347,便利蜂,,['0'],硕士,25,50,3,,
348,彩虹无线,,['0'],本科,20,30,3,,
349,平安国际智慧城市科技股份有限公司,,['0'],不限,0,0,3,,
350,友信普惠,,['0'],本科,30,45,5,,
351,字节跳动,,['0'],本科,0,0,1,,
352,字节跳动,,['0'],本科,0,0,5,,
353,北京志翔科技股份有限公司,,['0'],本科,15,30,0,,
354,彩虹无线,,['0'],本科,15,30,3,,
355,彩虹无线,,['0'],本科,20,40,5,,
356,好车酷酷二手车经纪(天津)有限公司,,['0'],本科,15,30,5,,
357,字节跳动,,['0'],本科,0,0,3,,
358,字节跳动,互联网/移动互联网/电子商务,['10000'],本科,0,0,1,1、完成DMP的商业标签的挖掘工作，根据广告主的需求，完成商业标签体系2、优化和完善所属方向的数据分析体系，对商业垂直行业建立标签体系3、和PM配合，完成产品的初步调研，对产生的标签做出有效的评估,1、良好的计算机教育背景，优秀的编程能力，优秀的工程架构能力2、熟悉大规模数据挖掘、机器学习、分布式计算中一项或多项，对GBDT，LR 等模型熟悉3、掌握Mysql，Hadoop，Hive，spark等开源软件和框架，熟悉其中一两项，精通加分4、有广告投放机制、用户数据建模挖掘经验者优先
359,字节跳动,互联网/移动互联网/电子商务,['10000'],本科,0,0,3,1、负责头条国际化业务基础数据挖掘核心技术研究和开发；  2、海量数据上的数据挖掘、特征工程，研究网页、媒体资源的形态、特点和规律；3、为头条国际化推荐系统，提供核心算法和基础特征，对推荐效果做出合理地调整或改进；  4、主要,负责头条国际化业务所覆盖到的网页资源、媒体资源、站点价值等数据分析和特征建模工作；        负责国际互联网资源特征数据挖掘，包括页面特征、优质内容增长、资源变化趋势等；        网页资源、媒体资源、作者、站点的价值判断 ，以及文本特征与挖掘；      数据挖掘与机器学习的算法应用与优化等 。任职要求
360,字节跳动,互联网/移动互联网/电子商务,['10000'],本科,0,0,1,1、负责竞价广告及品牌广告反作弊系统的系统设计及策略优化； 2、通过海量数据，分析与挖掘各种潜在关联，从而不断优化反作弊效果，更好地识别作弊流量，保障客户利益和公司长远健康发展；,1、计算机或安全相关专业本科及以上学历；2、熟悉机器学习、数据挖掘、数据分析、分布式计算至少某一方面，有较深的理论研究和实践经验 3、精通至少一门编程语言，熟练运用各种常用算法和数据结构，有独立的实现能力 4、有互联网相关反作弊工作经验者优先；5、具备优秀的逻辑思维能力，对解决挑战性问题充满热情，善于解决问题和分析问题； 6、良好的团队合作精神，较强的沟通能力和学习能力； 7、有数据分析及数据挖掘相关工作经验者优先。
361,字节跳动,互联网/移动互联网/电子商务,['10000'],本科,0,0,3,1、基于每日百亿级展现数据，搭建大数据处理平台;实现流式事件的实时计算，落地储存。对于离线数据完成数据仓库的建立，为数据挖掘提供有效的数据； 2、使用用户行为数据，广告投放数据，挖掘数据层次关系，分析媒体.流量.广告主等数据来提高变现效率；3、数据分析，挖掘，模型具体的产品化；了解广告业务，能和PM合作，基于数据驱动持续优化数据产品。4、业务分析、技术把关与人才选拔,1、熟悉C++、JAVA、python中的一种或多种编程技术，编程能力强，熟悉大数据处理技术，善于学习应用业界领先数据架构和技术；2、对大数据开源组件有使用经验，对hadoop/hive/spark/ES/druid 其中一项精通；3、熟悉数据挖掘算法，包括数据清洗.统计学习.分类聚类算法，并能够验证算法效果，将算法应用在广告业务中； 4、善于学习，思维活跃，善于从数据中发现.思考并解决问题；5、有广告研发经验者优先，对广告行业有自己思考的优先。
362,度小满科技(北京)有限公司,银行,['0'],本科,15,30,0,-参与度小满金融风控大数据反欺诈系统开发-应用数据挖掘、机器学习等技术，针对海量信息建模，挖掘金融风控变量，构建和优化风控模型，降低金融风险,"-熟悉C\C++,PYTHON等至少一门常用语言，对数据结构和算法设计有较为深刻的理解-熟悉大规模数据挖掘、机器学习、自然语言处理、分布式计算等相关技术，并具备1年以上相关工作经验-有海量数据处理经验，熟练使用hadoop、hive、Spark等，阅读过相关源码的优先-有大规模数据挖掘经验者优先；在互联网广告技术、NLP技术、图像识别、反作弊、反欺诈&amp;风控等方面有工作经验者优先-对数据敏感，具备良好的逻辑思维能力、沟通技巧、组织沟通能力、团队精神以及优秀的问题解决能力"
363,北京仕才小筑科技有限公司,,['0'],本科,30,60,5,,
364,Baidu,互联网/移动互联网/电子商务,['10000'],本科,30,60,3,-基于海量轨迹数据挖掘，利用机器学习，精准刻画现实世界的变化-负责对道路通行能力进行建模，精准刻画道路通行能力-基于海量轨迹数据与采集日志数据，对情报数据和现实世界变化进行联合建模-负责采集日志的case分析，数据预处理，和部分工程化工作,-计算机及相关专业，工作经验3年及以上-在数据挖掘、机器学习领域中，具备将算法应用于实际生产系统的能力 -至少深入掌握时间序列挖掘，聚类，分类，关联分析，话题建模之一 -至少熟练掌握JAVA，C，R或Python语言之一 -具有Web挖掘，轨迹挖掘技术与项目经验者优先 -具备数据驱动的勘探能力者优先-有GIS研发经验优先 -有强烈的上进心和求知欲，善于学习新事物，渴望用技术改变未来 -优秀的分析问题和解决问题的能力，对解决具有挑战性问题充满激情 -具有良好的沟通能力，和良好的团队合作精神
365,Baidu,互联网/移动互联网/电子商务,['10000'],本科,20,40,2,-通过海量的用户轨迹、服务日志优化路径规划算法，提高路线的合理性-通过海量的用户轨迹挖掘用户驾驶行为习惯，提高用户导航满意率-负责百度导航地图路径规划引擎的算法研发和策略优化,-热爱互联网，对互联网产品和技术有浓厚的兴趣，热衷于追求技术极致与创新-扎实的编程语言（C++／python或者其他）／数据结构／常用基础算法的基础，过硬的代码能力-优秀的分析问题和解决问题的能力，勇于解决难题-强烈的上进心和求知欲，较强的学习能力和沟通能力，具备良好的团队合作精神具有以下条件者优先考虑
366,Baidu,互联网/移动互联网/电子商务,['10000'],本科,25,50,3,- 基于海量用户的轨迹数据/互联网数据，利用数据挖掘技术，找出现实世界中的变化- 基于海量用户的轨迹数据/互联网数据，应用机器学习，数据挖掘等尖端技术，挖掘地图数据中存在的问题- 基于挖掘的模式，分析用户出行习惯，对产品提出更好的数据使用方式- 负责相应技术方向的难点攻关、前瞻研究以及初级工程师的指导 ,- 计算机及相关专业，本科及以上学历- 在数据挖掘、机器学习领域中，具备将算法应用于实际生产系统的能力- 至少深入掌握时间序列挖掘，聚类，分类，关联分析，话题建模之一- 至少熟练掌握JAVA，C，R或Python语言之一- 具有Web挖掘，轨迹挖掘技术与项目经验者优先- 具备数据驱动的勘探能力者优先- 有强烈的上进心和求知欲，善于学习新事物，渴望用技术改变未来- 优秀的分析问题和解决问题的能力，对解决具有挑战性问题充满激情- 具有良好的沟通能力，和良好的团队合作精神
367,北京怡合春天科技有限公司,O2O服务,"['100', '499']",本科,23,35,3,1、对海量数据进行分析，建立数据挖掘算法，利用大数据对某一应用领域进行研究和建模，为用户提供评估和预测等功能；2、参与/负责用户画像、推荐等系统搭建，参与核心产品推荐场景算法的研发和优化；3、采用先进的数据挖掘和机器学习算法，为行业提供决策依据；4、搭建数据挖掘系统和机器学习系统，实现智能平台的自动化流程。,1、掌握常用的推荐算法、机器学习算法、数据挖掘相关算法和技术，并熟悉通用数据结构和算法；2、熟悉Java/C++/Python语言，熟悉Hadoop;分布式计算原理，有一定的map/reduce，hive开发经验；3、211或985本科，硕士及以上学历，思维清晰敏捷，有责任心。
368,字节跳动,互联网/移动互联网/电子商务,['10000'],本科,0,0,3,1、负责字节跳动所有产品线风控基础数据挖掘和核心算法研发；2、建设风控用户画像算法平台；3、分析与挖掘数据潜在关联，构建用户画像体系；4、已有算法优化工作，开发新的算法。,1、熟悉并掌握数据挖掘算法，包括统计方法/分类/聚类算法，掌握算法原理，能够针对具体问题选择或开发合适算法解决问题，清楚算法适用背景，有实际使用经验；2、熟悉C++、JAVA、python中的一种或多种编程技术，编程能力强，熟悉大数据处理技术，善于学习应用业界领先数据架构和技术；3、对大数据开源组件有使用经验，至少熟悉hadoop/hive/spark/flink其中一项；4、善于学习，思维活跃，善于从数据中发现/思考并解决问题；5、有风控算法研发经验者优先，大规模用户画像挖掘优先。
369,北京维境科技有限公司,计算机软件,['0'],本科,15,24,2,1.	负责多维数据挖掘，并能结合应用场景进行抽象建模；2.	负责基于多维数据融合等建模画像工作；3.	负责梳理各业务场景下全维度数据，挖掘价值点，建立相关预测模型；4.	负责挖掘数据中的关联关系，实体对象相似性计算，构建信息推荐模型,1.	2年以上相关工作经验，计算机、统计学、数学相关专业背景，机器学习、数据库、数据挖掘理论和技术基础；2.	掌握常用的机器学习算法，如关联规则、分类算法、聚类算法；3.	掌握至少一门编程语言，如Python、Java等；4.	理解数据库原理，掌握sql，熟悉图数据库者优先；5.	有较强的结构化思维、逻辑思维、数据思维，具备独立思考问题解决问题的能力；6.	有用户画像建模及推荐系统工作经验者优先。
370,字节跳动,互联网/移动互联网/电子商务,['10000'],本科,0,0,3,1、利用机器学习技术，改进短视频的推荐系统，优化数亿用户的阅读体验；2、分析基础数据，挖掘用户兴趣、内容价值，增强推荐系统的预测能力；,1、热爱计算机科学和互联网技术，对人工智能类产品有浓厚兴趣；2、具备强悍的编码能力，熟悉 linux 开发环境，熟悉 C++ 和 Python 语言优先；3、优秀的分析问题和解决问题的能力，对解决具有挑战性问题充满激情4、有扎实的数据结构和算法功底，熟悉机器学习、自然语言处理、数据挖掘中一项或多项；5、对推荐系统、计算广告、搜索引擎相关技术有经验者优先；
371,北京友聚四海网络科技有限公司,中介服务,"['100', '499']",本科,22,30,4,1.	基于海量数据，开发设计高可扩展/高并发/高效的数据挖掘、机器学习、统计分析、图等算法，挖掘用户风险行为特征；2.	利用数据挖掘、机器学习、AI等技术的应用、以及对技术的创新和设计识别风险行为及场景，包含人机识别、社区关系网络、打假反作弊、风险画像、NLP、图像语音识别与反识别等技术的探索和应用；3.	基于聊天、商品评论、网络爬虫等数据基础，进行自然语言处理、NLP语义模型分析。,1.	计算机、统计学、应用数学等大数据相关专业；2.	熟悉常用数据挖掘模型原理，并有实际项目的模型开发、应用和优化经验；3.	至少熟悉一种编程语言，Scala、Python、R、SAS等，熟练使用SQL，熟悉Spark；4.	了解Caffe，Keras，Torch，TensorFlow等深度学习框架，喜欢研究前沿技术，有实际项目应用经验者优先考虑；5.	对数据、业务、商业敏感，具备良好的逻辑分析能力、组织沟通能力和团队精神，乐于分享、勇于承担；6.	有从事品控识别经验的优先考虑。
372,星界资本股权投资管理(深圳)有限公司,基金,"['50', '99']",本科,13,18,3,	负责多平台信息挖掘和页面内容的提取分析；	参与系统的架构设计和研发，独立进行抓取和清洗工作；	负责技术难点的攻克；	负责大规模数据挖掘的性能优化工作；Qualifica,	计算机相关专业，本科及以上学历；3年以上实际数据开发、内容提取工作经验；能独立解决实际开发过 程碰到的各类问题；	熟悉Java 、Python等语言的开发，熟悉Linux命令；	深入了解Http协议 和 web登录认证机制，熟悉web前端，可读懂js代码；	了解多线程、多进程、网络通信编程相关知识，有过海量数据挖掘经验、清洗项目经验； 	掌握网页抓取原理及技术，了解基于Session的登录原理，熟悉基于正则表达式、XPath、CSS等网页信息抽取技术；	了解APP模拟及接口验签破解技术，了解APP用户授权访问机制，掌握Selenium，APP破解技术优先；	工作认真细致踏实，优秀的学习能力与抗压能力。
373,腾讯,互联网/移动互联网/电子商务,['10000'],本科,0,0,2,负责对腾讯新闻极速版用户特征和行为数据做深入分析，建立数据模型，挖掘目标用户等；负责应用数据挖掘，机器学习方法建立数据模型，为业务决策、风险管控、产品特性的优化提供数据支持；建设支持海量数据的分析挖掘、机器学习与决策支持系统等；,计算机、数学、统计、数据挖掘等相关专业本科及以上学历；两年以上大规模数据分析、挖掘等相关工作经验；熟悉聚类、分类、回归、等常见的算法及原理，有大量的实际建模经验；熟练使用C/C++、Java、Python、R语言等编程语言与工具（一项或多项）；熟练基于Hadoop/Spark的平台进行开发，具备极强的数据敏感度，能从海量数据中挖掘出数据核心价值；数据敏感，有良好的逻辑思维能力，较强的沟通能力和团队合作精神，勇于承担工作压力；
374,腾讯,互联网/移动互联网/电子商务,['10000'],不限,0,0,2,参与腾讯系信息流产品中图文、视频以及小视频推荐效果优化，包括,优化和挖掘新的特征，提升线上推荐效果；优化现有排序算法，提升线上点击率和用户体验；探索深度学习，强化学习在个性化推荐中的应用。任职要求
375,腾讯,互联网/移动互联网/电子商务,['10000'],本科,0,0,3,负责地图的大数据,应用机器学习/深度学习技术，针对位置、轨迹、内容等海量信息进行数据建模，解决基于基础数据的挖掘等核心问题；跟踪深度学习在工业界以及学术界的最新研究成果。任职要求
376,航天宏图,计算机软件,"['1000', '2000']",硕士,15,20,3,计算机、软件工程或相关专业，研究生及以上学历，精通Python和C++编程语言，编程能力强，熟练掌握Mysql数据库、SQL编程，对大数据基础框架和平台有较深理解，熟悉Hadoop、MapReduce等；具备海量数据处理、数据清洗、数据挖掘和数据分析相关项目的工作经验者优先。,基于遥感大数据，开发数据可视化分析、关联分析、数据深度挖掘、事件预测等工具模块。
377,星界资本股权投资管理(深圳)有限公司,基金,"['50', '99']",本科,0,0,3,-	全面负责基金的直投业务的相关数据产品开发项目，包括需求分析、模型设计、算法测试和优化，深入基金投资的完整流程。-	负责基金运营APP的设计与开发，APP功能包括但不限于，项目数据管理，项目运营流程管理，智能定期报告生成等。-	负责协调公司内部产品开发与基金运营的流程对接，安排软件产品的开发、升级迭代与优化。-	负责数据仓库建设与数据挖掘的某个独立模块开发，包括各种爬虫应用、机器学习算法研究、行业研究报告收集、数据智能展现等方面。,-	数学、计算机、金融相关本科专业毕业；-	具备3-5年IT与金融行业从业经验；-	优秀的程序设计能力和数据分析能力，能带领团队完成任务；-	熟练掌握Python，Java等开发语言，具备Github代码库更佳；-	基础的私募股权投资知识，具备相关实习或工作经验优先；-	具有独立分析和团队协作精神，抗压能力强。
378,任仕达企业管理(上海)有限公司,其他,['10000'],硕士,30,45,3,用户风险评分、用户价值评分、用户偏好预测、用户个性化推荐等；3、评估数据源的质量和价值，能结合业务需求和场景，从各种数据维度中挖掘数据价值，并设计不同的模型，应用于不同的业务场景中；4、协助策略团队提出完整的业务解决方案。任职要求1、统计学、数学、人工智能、数据挖掘、机器学习、计算机等相关专业，985/211院校本科及以上学历；2、2年以上数据分析、建模、机器学习和算法实施相关工作经验，有零售银行/互金机构信用风险、精准营销、个性化推荐相关工作经验优先；3、熟练掌握基本的数据挖掘模型算法（如逻辑回归、决策树、SVM、神经网络、随机森林、深度学习等）；4、熟练掌握Python或R语言，熟悉常用机器学习库，如Sklearn等；5、熟悉大数据分析平台及分布式计算，如Hive、Hadoop、Spark等优先；6、有较强的逻辑思维能力、优秀的沟通表达能力及团队合,
379,中国科学院自动化研究所,政府/公共事业/非营利机构,"['2000', '5000']",本科,18,25,4,1. 计算机或数学相关专业硕士及以上学历，机器学习、数据挖掘方向优先；2. 有良好的自主学习能力，创新能力和解决实际问题的能力；3. 熟练掌握Java、python等编程语言；4. 了解人工智能、机器学习、数据挖掘的基本算法，深入了解或应用过一个或多个相关算法；5. 掌握Oracle/MySQL数据库系统、linux操作系统者优先；6. 熟悉hadoop/spark等一个或多个分布式计算框架/算法平台者优先；7. 对机器学习、数据挖掘、人工智能等研究方向在业界的动态、应用、创新等最新研究有热情；8. 具有良好的项目文档写作能力，熟练使用Word/PowerPoint等文档工具；9.有自然语言处理或深度学习相关工作或学习经验者优先。,
380,贝壳找房(北京)科技有限公司,O2O服务,"['1000', '2000']",本科,25,50,3,1. 深入理解业务，基于对大规模数据的分析和理解，敏锐发现风险，研究作弊识别特征和方法。2. 深入挖掘运营数据、经纪人画像、用户画像进行风险识别，保证用户的体验和利益。3. 统计学习、异常检测、数据挖掘、机器学习算法在反作弊领域的应用研究。4.与相关团队配合，深度参与业务场景分析并支撑项目落地。,1. 具有良好的沟通能力、团队合作、学习能力、时间和流程意识、坦诚直接。2. 熟悉hadoop、spark、ES等分布式计算和存储平台，熟练使用hive sql、MR计算程序完成数据清洗、建模；熟悉shell、python、PHP、R等语言，熟悉Linux/Unix平台上的开发环境。3. 深入业务，有较强的学习能力、数据分析能力和问题抽象能力，具备跨部门合作，输出完整闭环解决方案的能力并推动落地。4. 有互联网、O2O等领域数据挖掘、分析建模、反作弊识别相关经验优先。5. 对经纪人相关业务流程熟悉，有独到业务认知优先
381,北京快手科技有限公司,社交网络,"['5000', '10000']",本科,20,40,1,1. 基于内外部信息源，系统性的分析和挖掘用户画像、关系链、用户行为，优化推荐召回与排序；2. 建立、优化、跟踪用户推荐和搜索的多维度业务指标体系，分析发现机会与风险，并设计相关策略优化。,1. 本科及以上学历，1年以上数据挖掘、用户画像、数据分析相关经验；2. 有数据结构和算法功底，灵活使用Python/SQL；3. 目标导向，善于结合具体业务场景，灵活的分析与解决有挑战性的问题；4. 加分项
382,京东,互联网/移动互联网/电子商务,['10000'],本科,0,0,3,1. 负责京东IoT业务的数据分析体系搭建； 2. 负责构建各种分析模型，跟踪和分析数据，提供数据洞察，为业务优化提供数据支撑，推进改进工作落地并取得效果； 3. 运用大数据处理、机器学习和深度学习等技术，分析业务问题，挖掘核心关联，输出数据化产品或数据化方案； 4. 不断优化现有数据挖掘和算法系统，预研和应用新技术提升效果。,"""1. 计算机相关专业本科及以上学历，三年以上相关岗位工作经验； 2. 计算机基础扎实，精通至少一门开发语言； 3. 精通常用数据挖掘算法（如分类、聚类、回归、关联规则、神经网络等）及其原理，并具备相关项目经验； 4. 有数据建模、数仓建设、数据处理、数据分析等相关经验者优先；  5. 业务理解力强，对数据敏感，能抽象提炼出复杂业务逻辑中的核心问题，数据化方式驱动团队快速解决。"
383,乐学创想,在线教育,"['2000', '5000']",本科,20,40,3,,
384,北京怡合春天科技有限公司,O2O服务,"['100', '499']",本科,0,0,3,1、对海量数据进行分析，建立数据挖掘算法，利用大数据对某一应用领域进行研究和建模，为用户提供评估和预测等功能；2、参与/负责用户画像、推荐等系统搭建，参与核心产品推荐场景算法的研发和优化；3、采用先进的数据挖掘和机器学习算法，为行业提供决策依据；4、搭建数据挖掘系统和机器学习系统，实现智能平台的自动化流程。,1、掌握常用的推荐算法、机器学习算法、数据挖掘相关算法和技术，并熟悉通用数据结构和算法；2、熟悉Java/C++/Python语言，熟悉Hadoop;分布式计算原理，有一定的map/reduce，hive开发经验；3、211或985本科，硕士及以上学历，思维清晰敏捷，有责任心。
385,便利蜂,O2O服务,"['5000', '10000']",本科,18,35,3,1、运用数据挖掘/机器学习相关理论和方法，深入挖掘业务数据，洞察业务规律；2、针对各业务线进行数据分析、特征提取、模型训练与效果评估；3、参与智慧供应链和物流体系建设，包括但不限于自动订货/补货、自动化库存管理、智能排线；4、了解业务背景及需求，创建并持续优化供应链、物流等相关模型；5、完成部门安排的其他数据相关工作任务。,1、985或211大学本科或者研究生背景，计算机、统计学、应用数学相关专业；2、深刻理解相关算法原理，包括但不限于回归、分类、神经网络、图计算、概率统计、最优化算法等，有实际项目开发、应用经验优先；3、熟练使用常用算法和数据结构，对算法有较强的实现能力；4、至少掌握一种编程语言，Java、Scala、Python等，熟练使用SQL，熟悉Hadoop、Hive、MapReduce、Spark等技术平台；5、对电商、物流、零售业务有深厚的研究兴趣，对实际业务有较强的适应和学习能力；6、对解决挑战性问题充满激情，有强烈的上进心和求知欲，善于学习新事物，渴望用技术改变未来。
386,便利蜂,O2O服务,"['5000', '10000']",博士,0,0,5,1、理解零售场景的业务模型，分析处理零售场景交易数据2、通过对数据运用合适的统计技术来解决课题3、推进新数据的收集以及对现有数据源的改良4、对产品的实验结果进行分析和解读,1、计算机科学或工程类专业硕士或博士学位，或者具备4年以上相关工作经验2、 对使用定量手段解决分析性课题拥有丰富的经验3、能够轻松操作和分析来自各方的、复杂且大量的多维数据4、对实证性研究以及解决数据相关的难题拥有极大的热情5、能对各种精度级别的结果采用灵活的分析手段
387,贝壳找房(北京)科技有限公司,O2O服务,"['1000', '2000']",本科,25,50,3,1.深入分析贝壳用户在各场景下的行为，挖掘行为背后的用户状态和偏好，多维度精准刻画用户2.将用户画像和实际业务结合，赋能业务提升效果，最大化数据价值3.建设贝壳用户画像平台DMP,1.计算机或数学相关专业，本科及以上学历，3年及以上工作经验2.优秀的数据分析能力，扎实的数据结构和算法功底3.有较强的学习能力，具备较好的沟通和表达能力4.熟练使用下面至少一种常用编程语言
388,58同城,互联网/移动互联网/电子商务,['10000'],本科,0,0,1,1、基于海量用户数据和特征，发现用户属性，建立数据挖掘模型，对用户进行评估，并对历史用户进行传染清洗；2、评估数据源的质量和价值，能结合业务需求和场景，从各种数据维度中挖掘数据价值，并设计不同的模型，应用于不同的业务场景中；3、特征工程流程优化、维护，团队常用工具开发；岗位要求1、 计算机或者数学相关专业本科及以上学历，具有互联网公司数据分析、数据挖掘相关工作经验优先；2、有机器学习、数据挖掘等相关项目实际经验；3、精通SQL、R、Python等分析工具； 4、逻辑清晰，善于思考和总结，能够快速响应，积极主动完成任务；5、具备扎实的工程开发能力，业务目标转化为代码,
389,天津梧桐木科技有限公司,专业服务(咨询/财会/法律/翻译等),['0'],硕士,3,5,3,,
390,北京讯腾智慧科技股份有限公司,计算机软件,"['100', '499']",大专,10,15,3,1、本科及以上学历，计算机、数理统计相关专业；2年以上数据挖掘工作经验；2、熟练掌握python开发，对oracle、MongoDb、hadoop，MySql、Redis熟悉优先；3、熟悉hadoop生态系统内常见项目的使用（hdfs、hive、hbase、spark、storm、zookeeper、kafka、yarn等）；4、具有团队合作精神，良好的沟通协作能力，善于分析问题本质并解决问题，善于学习，乐,
391,友信普惠,基金/证券/期货/投资,['10000'],本科,35,45,5,1.负责信用风险内部评级体系搭建和管理；实施组合评级体系建设、制定公司业务风险方案、客户评级方案；2.负责数据挖掘、数据分析、数据监测，撰写分析报告，为政策、策略调整提供依据；3.负责客户、产品等数据的整理、清洗、业务逻辑分析，并建立相关的分析统计模型4.负责搭建风险模型管理框架、制定模型管理相关政策制度； 5.负责模型的设计，协调、指导业务单位对模型结果的应用6.负责在团队中培养评分卡分析师、数据挖掘师等专业人才,"1.全日制本科及以上学历，数学/统计/人工智能/计算机/金融等相关专业；2.具备5年及以上的信用卡或个贷数据分析或评分卡项目经验，特别优秀者可放宽；3.熟练掌握SQL/SAS等工具4.具备数据分析、模型开发设计及逻辑指导能力；5.责任心,承压力,推动力，沟通能力，协调能力。"
392,友信普惠,基金/证券/期货/投资,['10000'],本科,50,70,8,1.负责信用风险内部评级体系搭建和管理；实施组合评级体系建设、制定公司业务风险方案、客户评级方案；2.负责数据挖掘、数据分析、数据监测，撰写分析报告，为政策、策略调整提供依据；3.负责客户、产品等数据的整理、清洗、业务逻辑分析，并建立相关的分析统计模型4.负责搭建风险模型管理框架、制定模型管理相关政策制度； 5.负责模型的设计，协调、指导业务单位对模型结果的应用6.负责在团队中培养评分卡分析师、数据挖掘师等专业人才,"1.全日制本科及以上学历，数学/统计/人工智能/计算机/金融等相关专业；2.具备5年及以上的信用卡或个贷数据分析或评分卡项目经验，特别优秀者可放宽；3.熟练掌握SQL/SAS等工具4.具备数据分析、模型开发设计及逻辑指导能力；5.责任心,承压力,推动力，沟通能力，协调能力。"
393,百分点,互联网/移动互联网/电子商务,"['500', '999']",本科,15,30,2,1.有工业生产制造项目经验，并能结合业务知识提供合理的解决方案；2.可以独立完成数据挖掘模型的开发工作；具备整理和清洗各类业务数据的能力；3.熟悉生产设备硬件运转模式，了解电气控制原理。,1. 2年以上制造行业相关工作经验，电子信息、自动化、嵌入式工程等相关专业优先；2. 具备良好的编程能力，熟练掌握至少一门R、Python、SAS等分析语言；3. 良好的数据敏感度与逻辑分析能力，能进行深度的数据信息汇总分析，熟练操作SQL；4.沟通表达能力较强，可以独立撰写模型解决方案；5.接受一线城市短期出差的任务派遣。
394,便利蜂,O2O服务,"['5000', '10000']",本科,20,30,3,运用数据挖掘/机器学习相关理论和方法，深入挖掘业务数据，洞察业务规律；针对各业务线进行数据分析、特征提取、模型训练与效果评估；参与智慧供应链和物流体系建设，包括但不限于自动订货/补货、自动化库存管理、智能排线；了解业务背景及需求，创建并持续优化供应链、物流等相关模型；完成部门安排的其他数据相关工作任务。 ,985或211大学本科或者研究生背景，计算机、统计学、应用数学相关专业；深刻理解相关算法原理，包括但不限于回归、分类、神经网络、图计算、概率统计、最优化算法等，有实际项目开发、应用经验优先；熟练使用常用算法和数据结构，对算法有较强的实现能力；至少掌握一种编程语言，Java、Scala、Python等，熟练使用SQL，熟悉Hadoop、Hive、MapReduce、Spark等技术平台；对电商、物流、零售业务有深厚的研究兴趣，对实际业务有较强的适应和学习能力；对解决挑战性问题充满激情，有强烈的上进心和求知欲，善于学习新事物，渴望用技术改变未来。
395,北京讯腾智慧科技股份有限公司,计算机软件,"['100', '499']",本科,10,16,3,配合业务人员开展数据初步的数据分析工作，为建模提供参考，完成相关数据分析文档撰写；根据数据梳理逻辑，开展内外部数据抽取、转换、加工，满足数据分析质量需求；,熟练掌握python开发，可根据数据分析结果和相关业务，承担算法模型开发、验证报告撰写。编写业务数据专题分析报告、对业务问题进行深入分析、讲解分析过程、帮助业务部门理解、应用数据提供支持；岗位要求
396,水滴公司,互联网/移动互联网/电子商务,"['2000', '5000']",本科,20,35,3,1、结合业务场景，通过AI赋能提升业务效率和质量。负责数据挖掘策略和应用策略，跟进算法迭代和吻合业务诉求，为业务提效结果负责。2、针对各类数据特征、结合需求场景，设计符合不同数据源的评价方法，搭建标准数据评价服务。3、分析行业先进的自动化产品策略，制定符合业务发展需要的迭代目标，完成路径拆解，把控风险，并执行落地。4、具备一定的商务谈判和供应商管理运营的能力。合理布局自研/共建的产品体系，达到产能最大化。,1. 本科及以上学历，3年以上数据挖掘或策略产品工作经验，统计、数学、计算机相关专业优先。2、丰富的数据模型、规则模型设计经验。3、具有系统规划能力，优秀的表达、沟通、协调、执行能力，面向应用方可以做到深入浅出的策略讲解。4、具备拥抱变化的心态。关注自我成长是第一诉求，积极向上。
397,美团点评,互联网/移动互联网/电子商务,['10000'],本科,0,0,5,,1.负责小象新零售智能算法，通过算法来提升新零售各个环节效率。具体工作包括但不限于销量预测、智能营销、智能定价、智能画像等2.指导中低阶算法工程师，关注他们的成长并协助解决遇到的问题3.善于从业务中抽象问题，并选择合适的算法解决问题，技术难题攻关4.与业务、产品团队密切合作，支撑支持新零售业务岗位要求
